VALRES;OMRÅDE;TID;INDHOLD
Total;Aabenraa;2026;100.0
A. The Social Democratic Party;Aabenraa;2026;22.3
B. The Danish Social-Liberal Party;Aabenraa;2026;2.1
C. The Conservative Peoples Party;Aabenraa;2026;5.3
F. The Socialist Peoples Party;Aabenraa;2026;6.7
H. The Citizens' Party - Lars Boje Mathiesen;Aabenraa;2026;3.7
I. Liberal Alliance;Aabenraa;2026;9.3
M. The Moderats;Aabenraa;2026;6.0
O. The Danish Peoples Party;Aabenraa;2026;13.5
V. Venstre, Denmarks Liberal Party;Aabenraa;2026;18.5
Æ. The Danish Democrats - Inger Støjberg;Aabenraa;2026;9.8
Ø. The Red-Green Alliance;Aabenraa;2026;2.1
Å. The Alternative;Aabenraa;2026;0.8
Independent candidates;Aabenraa;2026;0.0
Total;Aalborg;2026;100.0
A. The Social Democratic Party;Aalborg;2026;27.5
B. The Danish Social-Liberal Party;Aalborg;2026;5.8
C. The Conservative Peoples Party;Aalborg;2026;6.1
F. The Socialist Peoples Party;Aalborg;2026;10.9
H. The Citizens' Party - Lars Boje Mathiesen;Aalborg;2026;1.7
I. Liberal Alliance;Aalborg;2026;10.9
M. The Moderats;Aalborg;2026;5.6
O. The Danish Peoples Party;Aalborg;2026;6.3
V. Venstre, Denmarks Liberal Party;Aalborg;2026;11.0
Æ. The Danish Democrats - Inger Støjberg;Aalborg;2026;6.7
Ø. The Red-Green Alliance;Aalborg;2026;5.6
Å. The Alternative;Aalborg;2026;1.9
Independent candidates;Aalborg;2026;0.0
Total;Aarhus;2026;100.0
A. The Social Democratic Party;Aarhus;2026;18.4
B. The Danish Social-Liberal Party;Aarhus;2026;10.6
C. The Conservative Peoples Party;Aarhus;2026;8.4
F. The Socialist Peoples Party;Aarhus;2026;15.5
H. The Citizens' Party - Lars Boje Mathiesen;Aarhus;2026;1.2
I. Liberal Alliance;Aarhus;2026;10.1
M. The Moderats;Aarhus;2026;7.8
O. The Danish Peoples Party;Aarhus;2026;4.5
V. Venstre, Denmarks Liberal Party;Aarhus;2026;8.0
Æ. The Danish Democrats - Inger Støjberg;Aarhus;2026;2.0
Ø. The Red-Green Alliance;Aarhus;2026;9.4
Å. The Alternative;Aarhus;2026;4.1
Independent candidates;Aarhus;2026;0.0
Total;Albertslund;2026;100.0
A. The Social Democratic Party;Albertslund;2026;26.2
B. The Danish Social-Liberal Party;Albertslund;2026;8.2
C. The Conservative Peoples Party;Albertslund;2026;4.6
F. The Socialist Peoples Party;Albertslund;2026;15.9
H. The Citizens' Party - Lars Boje Mathiesen;Albertslund;2026;1.8
I. Liberal Alliance;Albertslund;2026;5.0
M. The Moderats;Albertslund;2026;5.3
O. The Danish Peoples Party;Albertslund;2026;12.4
V. Venstre, Denmarks Liberal Party;Albertslund;2026;2.6
Æ. The Danish Democrats - Inger Støjberg;Albertslund;2026;1.8
Ø. The Red-Green Alliance;Albertslund;2026;13.7
Å. The Alternative;Albertslund;2026;2.6
Independent candidates;Albertslund;2026;0.0
Total;Allerød;2026;100.0
A. The Social Democratic Party;Allerød;2026;16.7
B. The Danish Social-Liberal Party;Allerød;2026;9.7
C. The Conservative Peoples Party;Allerød;2026;13.5
F. The Socialist Peoples Party;Allerød;2026;12.6
H. The Citizens' Party - Lars Boje Mathiesen;Allerød;2026;0.9
I. Liberal Alliance;Allerød;2026;9.8
M. The Moderats;Allerød;2026;11.7
O. The Danish Peoples Party;Allerød;2026;6.7
V. Venstre, Denmarks Liberal Party;Allerød;2026;10.9
Æ. The Danish Democrats - Inger Støjberg;Allerød;2026;1.5
Ø. The Red-Green Alliance;Allerød;2026;4.0
Å. The Alternative;Allerød;2026;2.0
Independent candidates;Allerød;2026;0.0
Total;Assens;2026;100.0
A. The Social Democratic Party;Assens;2026;26.9
B. The Danish Social-Liberal Party;Assens;2026;2.8
C. The Conservative Peoples Party;Assens;2026;5.3
F. The Socialist Peoples Party;Assens;2026;11.0
H. The Citizens' Party - Lars Boje Mathiesen;Assens;2026;3.5
I. Liberal Alliance;Assens;2026;8.6
M. The Moderats;Assens;2026;6.7
O. The Danish Peoples Party;Assens;2026;9.9
V. Venstre, Denmarks Liberal Party;Assens;2026;12.7
Æ. The Danish Democrats - Inger Støjberg;Assens;2026;7.4
Ø. The Red-Green Alliance;Assens;2026;3.3
Å. The Alternative;Assens;2026;1.8
Independent candidates;Assens;2026;0.0
Total;Ballerup;2026;100.0
A. The Social Democratic Party;Ballerup;2026;28.1
B. The Danish Social-Liberal Party;Ballerup;2026;6.5
C. The Conservative Peoples Party;Ballerup;2026;6.9
F. The Socialist Peoples Party;Ballerup;2026;13.1
H. The Citizens' Party - Lars Boje Mathiesen;Ballerup;2026;1.9
I. Liberal Alliance;Ballerup;2026;7.0
M. The Moderats;Ballerup;2026;7.6
O. The Danish Peoples Party;Ballerup;2026;13.0
V. Venstre, Denmarks Liberal Party;Ballerup;2026;4.6
Æ. The Danish Democrats - Inger Støjberg;Ballerup;2026;1.7
Ø. The Red-Green Alliance;Ballerup;2026;7.0
Å. The Alternative;Ballerup;2026;2.4
Independent candidates;Ballerup;2026;0.0
Total;Billund;2026;100.0
A. The Social Democratic Party;Billund;2026;21.4
B. The Danish Social-Liberal Party;Billund;2026;1.7
C. The Conservative Peoples Party;Billund;2026;4.0
F. The Socialist Peoples Party;Billund;2026;5.5
H. The Citizens' Party - Lars Boje Mathiesen;Billund;2026;3.0
I. Liberal Alliance;Billund;2026;10.1
M. The Moderats;Billund;2026;6.1
O. The Danish Peoples Party;Billund;2026;9.9
V. Venstre, Denmarks Liberal Party;Billund;2026;23.2
Æ. The Danish Democrats - Inger Støjberg;Billund;2026;12.9
Ø. The Red-Green Alliance;Billund;2026;1.6
Å. The Alternative;Billund;2026;0.7
Independent candidates;Billund;2026;0.0
Total;Bornholm;2026;100.0
A. The Social Democratic Party;Bornholm;2026;30.5
B. The Danish Social-Liberal Party;Bornholm;2026;1.8
C. The Conservative Peoples Party;Bornholm;2026;3.7
F. The Socialist Peoples Party;Bornholm;2026;11.6
H. The Citizens' Party - Lars Boje Mathiesen;Bornholm;2026;1.8
I. Liberal Alliance;Bornholm;2026;5.1
M. The Moderats;Bornholm;2026;5.8
O. The Danish Peoples Party;Bornholm;2026;10.5
V. Venstre, Denmarks Liberal Party;Bornholm;2026;17.6
Æ. The Danish Democrats - Inger Støjberg;Bornholm;2026;4.2
Ø. The Red-Green Alliance;Bornholm;2026;5.6
Å. The Alternative;Bornholm;2026;1.8
Independent candidates;Bornholm;2026;0.0
Total;Brøndby;2026;100.0
A. The Social Democratic Party;Brøndby;2026;26.7
B. The Danish Social-Liberal Party;Brøndby;2026;6.9
C. The Conservative Peoples Party;Brøndby;2026;5.2
F. The Socialist Peoples Party;Brøndby;2026;11.1
H. The Citizens' Party - Lars Boje Mathiesen;Brøndby;2026;2.0
I. Liberal Alliance;Brøndby;2026;6.0
M. The Moderats;Brøndby;2026;6.7
O. The Danish Peoples Party;Brøndby;2026;16.3
V. Venstre, Denmarks Liberal Party;Brøndby;2026;3.6
Æ. The Danish Democrats - Inger Støjberg;Brøndby;2026;2.4
Ø. The Red-Green Alliance;Brøndby;2026;11.3
Å. The Alternative;Brøndby;2026;1.9
Independent candidates;Brøndby;2026;0.0
Total;Brønderslev;2026;100.0
A. The Social Democratic Party;Brønderslev;2026;28.9
B. The Danish Social-Liberal Party;Brønderslev;2026;2.2
C. The Conservative Peoples Party;Brønderslev;2026;4.4
F. The Socialist Peoples Party;Brønderslev;2026;8.3
H. The Citizens' Party - Lars Boje Mathiesen;Brønderslev;2026;3.0
I. Liberal Alliance;Brønderslev;2026;9.0
M. The Moderats;Brønderslev;2026;4.5
O. The Danish Peoples Party;Brønderslev;2026;7.8
V. Venstre, Denmarks Liberal Party;Brønderslev;2026;13.6
Æ. The Danish Democrats - Inger Støjberg;Brønderslev;2026;15.0
Ø. The Red-Green Alliance;Brønderslev;2026;2.4
Å. The Alternative;Brønderslev;2026;0.9
Independent candidates;Brønderslev;2026;0.0
Total;Copenhagen;2026;100.0
A. The Social Democratic Party;Copenhagen;2026;14.2
B. The Danish Social-Liberal Party;Copenhagen;2026;12.5
C. The Conservative Peoples Party;Copenhagen;2026;8.1
F. The Socialist Peoples Party;Copenhagen;2026;14.0
H. The Citizens' Party - Lars Boje Mathiesen;Copenhagen;2026;0.7
I. Liberal Alliance;Copenhagen;2026;7.9
M. The Moderats;Copenhagen;2026;7.8
O. The Danish Peoples Party;Copenhagen;2026;4.8
V. Venstre, Denmarks Liberal Party;Copenhagen;2026;3.3
Æ. The Danish Democrats - Inger Støjberg;Copenhagen;2026;0.6
Ø. The Red-Green Alliance;Copenhagen;2026;18.3
Å. The Alternative;Copenhagen;2026;7.2
Independent candidates;Copenhagen;2026;0.5
Total;Dragør;2026;100.0
A. The Social Democratic Party;Dragør;2026;20.4
B. The Danish Social-Liberal Party;Dragør;2026;5.3
C. The Conservative Peoples Party;Dragør;2026;18.2
F. The Socialist Peoples Party;Dragør;2026;8.2
H. The Citizens' Party - Lars Boje Mathiesen;Dragør;2026;1.1
I. Liberal Alliance;Dragør;2026;9.9
M. The Moderats;Dragør;2026;13.5
O. The Danish Peoples Party;Dragør;2026;9.7
V. Venstre, Denmarks Liberal Party;Dragør;2026;6.1
Æ. The Danish Democrats - Inger Støjberg;Dragør;2026;1.6
Ø. The Red-Green Alliance;Dragør;2026;3.6
Å. The Alternative;Dragør;2026;2.2
Independent candidates;Dragør;2026;0.3
Total;Egedal;2026;100.0
A. The Social Democratic Party;Egedal;2026;22.0
B. The Danish Social-Liberal Party;Egedal;2026;5.5
C. The Conservative Peoples Party;Egedal;2026;10.1
F. The Socialist Peoples Party;Egedal;2026;13.0
H. The Citizens' Party - Lars Boje Mathiesen;Egedal;2026;1.8
I. Liberal Alliance;Egedal;2026;10.6
M. The Moderats;Egedal;2026;9.2
O. The Danish Peoples Party;Egedal;2026;11.2
V. Venstre, Denmarks Liberal Party;Egedal;2026;8.5
Æ. The Danish Democrats - Inger Støjberg;Egedal;2026;2.5
Ø. The Red-Green Alliance;Egedal;2026;4.1
Å. The Alternative;Egedal;2026;1.6
Independent candidates;Egedal;2026;0.0
Total;Esbjerg;2026;100.0
A. The Social Democratic Party;Esbjerg;2026;24.1
B. The Danish Social-Liberal Party;Esbjerg;2026;2.8
C. The Conservative Peoples Party;Esbjerg;2026;5.3
F. The Socialist Peoples Party;Esbjerg;2026;9.5
H. The Citizens' Party - Lars Boje Mathiesen;Esbjerg;2026;2.9
I. Liberal Alliance;Esbjerg;2026;10.2
M. The Moderats;Esbjerg;2026;5.6
O. The Danish Peoples Party;Esbjerg;2026;11.0
V. Venstre, Denmarks Liberal Party;Esbjerg;2026;17.4
Æ. The Danish Democrats - Inger Støjberg;Esbjerg;2026;6.2
Ø. The Red-Green Alliance;Esbjerg;2026;4.0
Å. The Alternative;Esbjerg;2026;1.0
Independent candidates;Esbjerg;2026;0.0
Total;Faaborg-Midtfyn;2026;100.0
A. The Social Democratic Party;Faaborg-Midtfyn;2026;27.6
B. The Danish Social-Liberal Party;Faaborg-Midtfyn;2026;3.1
C. The Conservative Peoples Party;Faaborg-Midtfyn;2026;5.6
F. The Socialist Peoples Party;Faaborg-Midtfyn;2026;11.0
H. The Citizens' Party - Lars Boje Mathiesen;Faaborg-Midtfyn;2026;3.1
I. Liberal Alliance;Faaborg-Midtfyn;2026;7.7
M. The Moderats;Faaborg-Midtfyn;2026;7.8
O. The Danish Peoples Party;Faaborg-Midtfyn;2026;10.2
V. Venstre, Denmarks Liberal Party;Faaborg-Midtfyn;2026;11.3
Æ. The Danish Democrats - Inger Støjberg;Faaborg-Midtfyn;2026;6.9
Ø. The Red-Green Alliance;Faaborg-Midtfyn;2026;3.8
Å. The Alternative;Faaborg-Midtfyn;2026;2.1
Independent candidates;Faaborg-Midtfyn;2026;0.0
Total;Fanø;2026;100.0
A. The Social Democratic Party;Fanø;2026;29.9
B. The Danish Social-Liberal Party;Fanø;2026;5.7
C. The Conservative Peoples Party;Fanø;2026;7.1
F. The Socialist Peoples Party;Fanø;2026;11.2
H. The Citizens' Party - Lars Boje Mathiesen;Fanø;2026;1.5
I. Liberal Alliance;Fanø;2026;5.5
M. The Moderats;Fanø;2026;6.7
O. The Danish Peoples Party;Fanø;2026;5.9
V. Venstre, Denmarks Liberal Party;Fanø;2026;12.4
Æ. The Danish Democrats - Inger Støjberg;Fanø;2026;4.0
Ø. The Red-Green Alliance;Fanø;2026;7.4
Å. The Alternative;Fanø;2026;2.7
Independent candidates;Fanø;2026;0.0
Total;Favrskov;2026;100.0
A. The Social Democratic Party;Favrskov;2026;22.6
B. The Danish Social-Liberal Party;Favrskov;2026;5.3
C. The Conservative Peoples Party;Favrskov;2026;10.0
F. The Socialist Peoples Party;Favrskov;2026;11.3
H. The Citizens' Party - Lars Boje Mathiesen;Favrskov;2026;2.8
I. Liberal Alliance;Favrskov;2026;9.9
M. The Moderats;Favrskov;2026;7.0
O. The Danish Peoples Party;Favrskov;2026;7.7
V. Venstre, Denmarks Liberal Party;Favrskov;2026;10.8
Æ. The Danish Democrats - Inger Støjberg;Favrskov;2026;7.3
Ø. The Red-Green Alliance;Favrskov;2026;3.4
Å. The Alternative;Favrskov;2026;1.9
Independent candidates;Favrskov;2026;0.0
Total;Faxe;2026;100.0
A. The Social Democratic Party;Faxe;2026;22.0
B. The Danish Social-Liberal Party;Faxe;2026;2.0
C. The Conservative Peoples Party;Faxe;2026;5.0
F. The Socialist Peoples Party;Faxe;2026;11.3
H. The Citizens' Party - Lars Boje Mathiesen;Faxe;2026;3.5
I. Liberal Alliance;Faxe;2026;10.5
M. The Moderats;Faxe;2026;8.3
O. The Danish Peoples Party;Faxe;2026;18.7
V. Venstre, Denmarks Liberal Party;Faxe;2026;7.9
Æ. The Danish Democrats - Inger Støjberg;Faxe;2026;5.8
Ø. The Red-Green Alliance;Faxe;2026;3.3
Å. The Alternative;Faxe;2026;1.8
Independent candidates;Faxe;2026;0.0
Total;Fredensborg;2026;100.0
A. The Social Democratic Party;Fredensborg;2026;18.5
B. The Danish Social-Liberal Party;Fredensborg;2026;9.1
C. The Conservative Peoples Party;Fredensborg;2026;11.5
F. The Socialist Peoples Party;Fredensborg;2026;11.6
H. The Citizens' Party - Lars Boje Mathiesen;Fredensborg;2026;1.5
I. Liberal Alliance;Fredensborg;2026;10.1
M. The Moderats;Fredensborg;2026;10.5
O. The Danish Peoples Party;Fredensborg;2026;8.9
V. Venstre, Denmarks Liberal Party;Fredensborg;2026;8.7
Æ. The Danish Democrats - Inger Støjberg;Fredensborg;2026;1.8
Ø. The Red-Green Alliance;Fredensborg;2026;5.0
Å. The Alternative;Fredensborg;2026;2.9
Independent candidates;Fredensborg;2026;0.0
Total;Fredericia;2026;100.0
A. The Social Democratic Party;Fredericia;2026;26.1
B. The Danish Social-Liberal Party;Fredericia;2026;2.9
C. The Conservative Peoples Party;Fredericia;2026;5.6
F. The Socialist Peoples Party;Fredericia;2026;10.4
H. The Citizens' Party - Lars Boje Mathiesen;Fredericia;2026;2.7
I. Liberal Alliance;Fredericia;2026;10.5
M. The Moderats;Fredericia;2026;7.5
O. The Danish Peoples Party;Fredericia;2026;11.9
V. Venstre, Denmarks Liberal Party;Fredericia;2026;11.0
Æ. The Danish Democrats - Inger Støjberg;Fredericia;2026;5.4
Ø. The Red-Green Alliance;Fredericia;2026;4.7
Å. The Alternative;Fredericia;2026;1.3
Independent candidates;Fredericia;2026;0.0
Total;Frederiksberg;2026;100.0
A. The Social Democratic Party;Frederiksberg;2026;15.9
B. The Danish Social-Liberal Party;Frederiksberg;2026;12.9
C. The Conservative Peoples Party;Frederiksberg;2026;13.0
F. The Socialist Peoples Party;Frederiksberg;2026;11.3
H. The Citizens' Party - Lars Boje Mathiesen;Frederiksberg;2026;0.6
I. Liberal Alliance;Frederiksberg;2026;8.6
M. The Moderats;Frederiksberg;2026;9.5
O. The Danish Peoples Party;Frederiksberg;2026;4.4
V. Venstre, Denmarks Liberal Party;Frederiksberg;2026;4.9
Æ. The Danish Democrats - Inger Støjberg;Frederiksberg;2026;0.6
Ø. The Red-Green Alliance;Frederiksberg;2026;12.7
Å. The Alternative;Frederiksberg;2026;5.2
Independent candidates;Frederiksberg;2026;0.4
Total;Frederikshavn;2026;100.0
A. The Social Democratic Party;Frederikshavn;2026;29.3
B. The Danish Social-Liberal Party;Frederikshavn;2026;1.5
C. The Conservative Peoples Party;Frederikshavn;2026;4.5
F. The Socialist Peoples Party;Frederikshavn;2026;10.1
H. The Citizens' Party - Lars Boje Mathiesen;Frederikshavn;2026;2.9
I. Liberal Alliance;Frederikshavn;2026;8.2
M. The Moderats;Frederikshavn;2026;5.3
O. The Danish Peoples Party;Frederikshavn;2026;9.1
V. Venstre, Denmarks Liberal Party;Frederikshavn;2026;11.9
Æ. The Danish Democrats - Inger Støjberg;Frederikshavn;2026;14.4
Ø. The Red-Green Alliance;Frederikshavn;2026;1.9
Å. The Alternative;Frederikshavn;2026;0.9
Independent candidates;Frederikshavn;2026;0.0
Total;Frederikssund;2026;100.0
A. The Social Democratic Party;Frederikssund;2026;22.1
B. The Danish Social-Liberal Party;Frederikssund;2026;3.7
C. The Conservative Peoples Party;Frederikssund;2026;7.0
F. The Socialist Peoples Party;Frederikssund;2026;12.9
H. The Citizens' Party - Lars Boje Mathiesen;Frederikssund;2026;2.5
I. Liberal Alliance;Frederikssund;2026;10.8
M. The Moderats;Frederikssund;2026;7.6
O. The Danish Peoples Party;Frederikssund;2026;14.7
V. Venstre, Denmarks Liberal Party;Frederikssund;2026;9.1
Æ. The Danish Democrats - Inger Støjberg;Frederikssund;2026;3.5
Ø. The Red-Green Alliance;Frederikssund;2026;4.2
Å. The Alternative;Frederikssund;2026;1.8
Independent candidates;Frederikssund;2026;0.0
Total;Furesø;2026;100.0
A. The Social Democratic Party;Furesø;2026;18.9
B. The Danish Social-Liberal Party;Furesø;2026;11.1
C. The Conservative Peoples Party;Furesø;2026;13.5
F. The Socialist Peoples Party;Furesø;2026;12.9
H. The Citizens' Party - Lars Boje Mathiesen;Furesø;2026;1.0
I. Liberal Alliance;Furesø;2026;8.1
M. The Moderats;Furesø;2026;10.9
O. The Danish Peoples Party;Furesø;2026;5.7
V. Venstre, Denmarks Liberal Party;Furesø;2026;8.3
Æ. The Danish Democrats - Inger Støjberg;Furesø;2026;1.1
Ø. The Red-Green Alliance;Furesø;2026;5.9
Å. The Alternative;Furesø;2026;2.7
Independent candidates;Furesø;2026;0.0
Total;Gentofte;2026;100.0
A. The Social Democratic Party;Gentofte;2026;11.1
B. The Danish Social-Liberal Party;Gentofte;2026;9.8
C. The Conservative Peoples Party;Gentofte;2026;20.0
F. The Socialist Peoples Party;Gentofte;2026;6.7
H. The Citizens' Party - Lars Boje Mathiesen;Gentofte;2026;0.8
I. Liberal Alliance;Gentofte;2026;13.1
M. The Moderats;Gentofte;2026;13.5
O. The Danish Peoples Party;Gentofte;2026;5.5
V. Venstre, Denmarks Liberal Party;Gentofte;2026;11.1
Æ. The Danish Democrats - Inger Støjberg;Gentofte;2026;0.7
Ø. The Red-Green Alliance;Gentofte;2026;4.3
Å. The Alternative;Gentofte;2026;3.2
Independent candidates;Gentofte;2026;0.0
Total;Gladsaxe;2026;100.0
A. The Social Democratic Party;Gladsaxe;2026;22.0
B. The Danish Social-Liberal Party;Gladsaxe;2026;10.1
C. The Conservative Peoples Party;Gladsaxe;2026;7.5
F. The Socialist Peoples Party;Gladsaxe;2026;14.9
H. The Citizens' Party - Lars Boje Mathiesen;Gladsaxe;2026;1.3
I. Liberal Alliance;Gladsaxe;2026;7.1
M. The Moderats;Gladsaxe;2026;8.7
O. The Danish Peoples Party;Gladsaxe;2026;9.2
V. Venstre, Denmarks Liberal Party;Gladsaxe;2026;5.5
Æ. The Danish Democrats - Inger Støjberg;Gladsaxe;2026;1.5
Ø. The Red-Green Alliance;Gladsaxe;2026;9.1
Å. The Alternative;Gladsaxe;2026;3.2
Independent candidates;Gladsaxe;2026;0.0
Total;Glostrup;2026;100.0
A. The Social Democratic Party;Glostrup;2026;25.7
B. The Danish Social-Liberal Party;Glostrup;2026;6.1
C. The Conservative Peoples Party;Glostrup;2026;6.8
F. The Socialist Peoples Party;Glostrup;2026;11.2
H. The Citizens' Party - Lars Boje Mathiesen;Glostrup;2026;1.8
I. Liberal Alliance;Glostrup;2026;8.0
M. The Moderats;Glostrup;2026;8.3
O. The Danish Peoples Party;Glostrup;2026;15.2
V. Venstre, Denmarks Liberal Party;Glostrup;2026;5.3
Æ. The Danish Democrats - Inger Støjberg;Glostrup;2026;2.4
Ø. The Red-Green Alliance;Glostrup;2026;7.3
Å. The Alternative;Glostrup;2026;1.9
Independent candidates;Glostrup;2026;0.0
Total;Greve;2026;100.0
A. The Social Democratic Party;Greve;2026;20.1
B. The Danish Social-Liberal Party;Greve;2026;4.1
C. The Conservative Peoples Party;Greve;2026;6.8
F. The Socialist Peoples Party;Greve;2026;10.1
H. The Citizens' Party - Lars Boje Mathiesen;Greve;2026;1.8
I. Liberal Alliance;Greve;2026;10.7
M. The Moderats;Greve;2026;10.8
O. The Danish Peoples Party;Greve;2026;14.8
V. Venstre, Denmarks Liberal Party;Greve;2026;12.8
Æ. The Danish Democrats - Inger Støjberg;Greve;2026;2.6
Ø. The Red-Green Alliance;Greve;2026;4.3
Å. The Alternative;Greve;2026;1.2
Independent candidates;Greve;2026;0.0
Total;Gribskov;2026;100.0
A. The Social Democratic Party;Gribskov;2026;19.4
B. The Danish Social-Liberal Party;Gribskov;2026;4.2
C. The Conservative Peoples Party;Gribskov;2026;10.2
F. The Socialist Peoples Party;Gribskov;2026;10.6
H. The Citizens' Party - Lars Boje Mathiesen;Gribskov;2026;2.6
I. Liberal Alliance;Gribskov;2026;8.9
M. The Moderats;Gribskov;2026;11.7
O. The Danish Peoples Party;Gribskov;2026;13.9
V. Venstre, Denmarks Liberal Party;Gribskov;2026;7.6
Æ. The Danish Democrats - Inger Støjberg;Gribskov;2026;4.3
Ø. The Red-Green Alliance;Gribskov;2026;4.0
Å. The Alternative;Gribskov;2026;2.4
Independent candidates;Gribskov;2026;0.0
Total;Guldborgsund;2026;100.0
A. The Social Democratic Party;Guldborgsund;2026;27.2
B. The Danish Social-Liberal Party;Guldborgsund;2026;1.9
C. The Conservative Peoples Party;Guldborgsund;2026;5.6
F. The Socialist Peoples Party;Guldborgsund;2026;11.8
H. The Citizens' Party - Lars Boje Mathiesen;Guldborgsund;2026;3.4
I. Liberal Alliance;Guldborgsund;2026;7.0
M. The Moderats;Guldborgsund;2026;7.4
O. The Danish Peoples Party;Guldborgsund;2026;14.6
V. Venstre, Denmarks Liberal Party;Guldborgsund;2026;7.9
Æ. The Danish Democrats - Inger Støjberg;Guldborgsund;2026;7.9
Ø. The Red-Green Alliance;Guldborgsund;2026;3.5
Å. The Alternative;Guldborgsund;2026;1.6
Independent candidates;Guldborgsund;2026;0.0
Total;Haderslev;2026;100.0
A. The Social Democratic Party;Haderslev;2026;24.2
B. The Danish Social-Liberal Party;Haderslev;2026;2.2
C. The Conservative Peoples Party;Haderslev;2026;5.4
F. The Socialist Peoples Party;Haderslev;2026;7.3
H. The Citizens' Party - Lars Boje Mathiesen;Haderslev;2026;3.7
I. Liberal Alliance;Haderslev;2026;9.1
M. The Moderats;Haderslev;2026;6.4
O. The Danish Peoples Party;Haderslev;2026;14.8
V. Venstre, Denmarks Liberal Party;Haderslev;2026;15.4
Æ. The Danish Democrats - Inger Støjberg;Haderslev;2026;7.7
Ø. The Red-Green Alliance;Haderslev;2026;3.0
Å. The Alternative;Haderslev;2026;0.9
Independent candidates;Haderslev;2026;0.0
Total;Halsnæs;2026;100.0
A. The Social Democratic Party;Halsnæs;2026;25.2
B. The Danish Social-Liberal Party;Halsnæs;2026;2.8
C. The Conservative Peoples Party;Halsnæs;2026;7.5
F. The Socialist Peoples Party;Halsnæs;2026;13.8
H. The Citizens' Party - Lars Boje Mathiesen;Halsnæs;2026;2.4
I. Liberal Alliance;Halsnæs;2026;7.4
M. The Moderats;Halsnæs;2026;7.3
O. The Danish Peoples Party;Halsnæs;2026;14.0
V. Venstre, Denmarks Liberal Party;Halsnæs;2026;6.2
Æ. The Danish Democrats - Inger Støjberg;Halsnæs;2026;4.8
Ø. The Red-Green Alliance;Halsnæs;2026;5.4
Å. The Alternative;Halsnæs;2026;3.2
Independent candidates;Halsnæs;2026;0.0
Total;Hedensted;2026;100.0
A. The Social Democratic Party;Hedensted;2026;19.5
B. The Danish Social-Liberal Party;Hedensted;2026;2.7
C. The Conservative Peoples Party;Hedensted;2026;6.5
F. The Socialist Peoples Party;Hedensted;2026;7.8
H. The Citizens' Party - Lars Boje Mathiesen;Hedensted;2026;3.4
I. Liberal Alliance;Hedensted;2026;11.5
M. The Moderats;Hedensted;2026;7.3
O. The Danish Peoples Party;Hedensted;2026;9.5
V. Venstre, Denmarks Liberal Party;Hedensted;2026;18.2
Æ. The Danish Democrats - Inger Støjberg;Hedensted;2026;10.7
Ø. The Red-Green Alliance;Hedensted;2026;2.0
Å. The Alternative;Hedensted;2026;1.0
Independent candidates;Hedensted;2026;0.0
Total;Helsingør;2026;100.0
A. The Social Democratic Party;Helsingør;2026;21.7
B. The Danish Social-Liberal Party;Helsingør;2026;6.8
C. The Conservative Peoples Party;Helsingør;2026;10.9
F. The Socialist Peoples Party;Helsingør;2026;13.0
H. The Citizens' Party - Lars Boje Mathiesen;Helsingør;2026;1.6
I. Liberal Alliance;Helsingør;2026;9.2
M. The Moderats;Helsingør;2026;9.9
O. The Danish Peoples Party;Helsingør;2026;9.8
V. Venstre, Denmarks Liberal Party;Helsingør;2026;5.7
Æ. The Danish Democrats - Inger Støjberg;Helsingør;2026;2.4
Ø. The Red-Green Alliance;Helsingør;2026;6.0
Å. The Alternative;Helsingør;2026;3.0
Independent candidates;Helsingør;2026;0.0
Total;Herlev;2026;100.0
A. The Social Democratic Party;Herlev;2026;27.0
B. The Danish Social-Liberal Party;Herlev;2026;6.0
C. The Conservative Peoples Party;Herlev;2026;7.4
F. The Socialist Peoples Party;Herlev;2026;13.0
H. The Citizens' Party - Lars Boje Mathiesen;Herlev;2026;2.1
I. Liberal Alliance;Herlev;2026;7.9
M. The Moderats;Herlev;2026;7.2
O. The Danish Peoples Party;Herlev;2026;11.5
V. Venstre, Denmarks Liberal Party;Herlev;2026;4.7
Æ. The Danish Democrats - Inger Støjberg;Herlev;2026;1.7
Ø. The Red-Green Alliance;Herlev;2026;9.4
Å. The Alternative;Herlev;2026;2.1
Independent candidates;Herlev;2026;0.0
Total;Herning;2026;100.0
A. The Social Democratic Party;Herning;2026;18.4
B. The Danish Social-Liberal Party;Herning;2026;3.5
C. The Conservative Peoples Party;Herning;2026;7.4
F. The Socialist Peoples Party;Herning;2026;8.4
H. The Citizens' Party - Lars Boje Mathiesen;Herning;2026;2.5
I. Liberal Alliance;Herning;2026;11.6
M. The Moderats;Herning;2026;6.0
O. The Danish Peoples Party;Herning;2026;7.6
V. Venstre, Denmarks Liberal Party;Herning;2026;18.6
Æ. The Danish Democrats - Inger Støjberg;Herning;2026;12.8
Ø. The Red-Green Alliance;Herning;2026;2.3
Å. The Alternative;Herning;2026;0.8
Independent candidates;Herning;2026;0.1
Total;Hillerød;2026;100.0
A. The Social Democratic Party;Hillerød;2026;19.3
B. The Danish Social-Liberal Party;Hillerød;2026;7.1
C. The Conservative Peoples Party;Hillerød;2026;12.3
F. The Socialist Peoples Party;Hillerød;2026;14.5
H. The Citizens' Party - Lars Boje Mathiesen;Hillerød;2026;1.6
I. Liberal Alliance;Hillerød;2026;9.5
M. The Moderats;Hillerød;2026;9.4
O. The Danish Peoples Party;Hillerød;2026;8.6
V. Venstre, Denmarks Liberal Party;Hillerød;2026;7.7
Æ. The Danish Democrats - Inger Støjberg;Hillerød;2026;2.4
Ø. The Red-Green Alliance;Hillerød;2026;4.9
Å. The Alternative;Hillerød;2026;2.6
Independent candidates;Hillerød;2026;0.0
Total;Hjørring;2026;100.0
A. The Social Democratic Party;Hjørring;2026;30.5
B. The Danish Social-Liberal Party;Hjørring;2026;2.4
C. The Conservative Peoples Party;Hjørring;2026;6.2
F. The Socialist Peoples Party;Hjørring;2026;6.9
H. The Citizens' Party - Lars Boje Mathiesen;Hjørring;2026;2.8
I. Liberal Alliance;Hjørring;2026;7.9
M. The Moderats;Hjørring;2026;5.1
O. The Danish Peoples Party;Hjørring;2026;7.2
V. Venstre, Denmarks Liberal Party;Hjørring;2026;12.7
Æ. The Danish Democrats - Inger Støjberg;Hjørring;2026;14.2
Ø. The Red-Green Alliance;Hjørring;2026;3.1
Å. The Alternative;Hjørring;2026;1.0
Independent candidates;Hjørring;2026;0.0
Total;Holbæk;2026;100.0
A. The Social Democratic Party;Holbæk;2026;24.2
B. The Danish Social-Liberal Party;Holbæk;2026;3.6
C. The Conservative Peoples Party;Holbæk;2026;4.8
F. The Socialist Peoples Party;Holbæk;2026;13.7
H. The Citizens' Party - Lars Boje Mathiesen;Holbæk;2026;2.8
I. Liberal Alliance;Holbæk;2026;8.7
M. The Moderats;Holbæk;2026;8.9
O. The Danish Peoples Party;Holbæk;2026;13.2
V. Venstre, Denmarks Liberal Party;Holbæk;2026;8.2
Æ. The Danish Democrats - Inger Støjberg;Holbæk;2026;5.2
Ø. The Red-Green Alliance;Holbæk;2026;4.6
Å. The Alternative;Holbæk;2026;2.0
Independent candidates;Holbæk;2026;0.0
Total;Holstebro;2026;100.0
A. The Social Democratic Party;Holstebro;2026;21.4
B. The Danish Social-Liberal Party;Holstebro;2026;2.9
C. The Conservative Peoples Party;Holstebro;2026;5.0
F. The Socialist Peoples Party;Holstebro;2026;10.9
H. The Citizens' Party - Lars Boje Mathiesen;Holstebro;2026;2.3
I. Liberal Alliance;Holstebro;2026;10.5
M. The Moderats;Holstebro;2026;4.4
O. The Danish Peoples Party;Holstebro;2026;8.4
V. Venstre, Denmarks Liberal Party;Holstebro;2026;19.9
Æ. The Danish Democrats - Inger Støjberg;Holstebro;2026;11.0
Ø. The Red-Green Alliance;Holstebro;2026;2.3
Å. The Alternative;Holstebro;2026;0.9
Independent candidates;Holstebro;2026;0.1
Total;Horsens;2026;100.0
A. The Social Democratic Party;Horsens;2026;24.0
B. The Danish Social-Liberal Party;Horsens;2026;4.2
C. The Conservative Peoples Party;Horsens;2026;8.1
F. The Socialist Peoples Party;Horsens;2026;10.8
H. The Citizens' Party - Lars Boje Mathiesen;Horsens;2026;2.6
I. Liberal Alliance;Horsens;2026;11.7
M. The Moderats;Horsens;2026;7.4
O. The Danish Peoples Party;Horsens;2026;9.0
V. Venstre, Denmarks Liberal Party;Horsens;2026;10.5
Æ. The Danish Democrats - Inger Støjberg;Horsens;2026;5.6
Ø. The Red-Green Alliance;Horsens;2026;4.3
Å. The Alternative;Horsens;2026;1.7
Independent candidates;Horsens;2026;0.1
Total;Hvidovre;2026;100.0
A. The Social Democratic Party;Hvidovre;2026;25.5
B. The Danish Social-Liberal Party;Hvidovre;2026;6.7
C. The Conservative Peoples Party;Hvidovre;2026;7.1
F. The Socialist Peoples Party;Hvidovre;2026;14.7
H. The Citizens' Party - Lars Boje Mathiesen;Hvidovre;2026;1.7
I. Liberal Alliance;Hvidovre;2026;7.3
M. The Moderats;Hvidovre;2026;7.6
O. The Danish Peoples Party;Hvidovre;2026;13.1
V. Venstre, Denmarks Liberal Party;Hvidovre;2026;3.7
Æ. The Danish Democrats - Inger Støjberg;Hvidovre;2026;2.0
Ø. The Red-Green Alliance;Hvidovre;2026;8.1
Å. The Alternative;Hvidovre;2026;2.5
Independent candidates;Hvidovre;2026;0.0
Total;Høje-Taastrup;2026;100.0
A. The Social Democratic Party;Høje-Taastrup;2026;22.3
B. The Danish Social-Liberal Party;Høje-Taastrup;2026;7.7
C. The Conservative Peoples Party;Høje-Taastrup;2026;9.8
F. The Socialist Peoples Party;Høje-Taastrup;2026;11.1
H. The Citizens' Party - Lars Boje Mathiesen;Høje-Taastrup;2026;1.9
I. Liberal Alliance;Høje-Taastrup;2026;8.1
M. The Moderats;Høje-Taastrup;2026;7.8
O. The Danish Peoples Party;Høje-Taastrup;2026;13.9
V. Venstre, Denmarks Liberal Party;Høje-Taastrup;2026;4.5
Æ. The Danish Democrats - Inger Støjberg;Høje-Taastrup;2026;2.8
Ø. The Red-Green Alliance;Høje-Taastrup;2026;8.4
Å. The Alternative;Høje-Taastrup;2026;1.7
Independent candidates;Høje-Taastrup;2026;0.0
Total;Hørsholm;2026;100.0
A. The Social Democratic Party;Hørsholm;2026;11.1
B. The Danish Social-Liberal Party;Hørsholm;2026;7.2
C. The Conservative Peoples Party;Hørsholm;2026;18.7
F. The Socialist Peoples Party;Hørsholm;2026;6.1
H. The Citizens' Party - Lars Boje Mathiesen;Hørsholm;2026;1.0
I. Liberal Alliance;Hørsholm;2026;16.8
M. The Moderats;Hørsholm;2026;14.3
O. The Danish Peoples Party;Hørsholm;2026;7.5
V. Venstre, Denmarks Liberal Party;Hørsholm;2026;13.1
Æ. The Danish Democrats - Inger Støjberg;Hørsholm;2026;1.1
Ø. The Red-Green Alliance;Hørsholm;2026;1.8
Å. The Alternative;Hørsholm;2026;1.4
Independent candidates;Hørsholm;2026;0.0
Total;Ikast-Brande;2026;100.0
A. The Social Democratic Party;Ikast-Brande;2026;19.6
B. The Danish Social-Liberal Party;Ikast-Brande;2026;2.3
C. The Conservative Peoples Party;Ikast-Brande;2026;9.8
F. The Socialist Peoples Party;Ikast-Brande;2026;6.8
H. The Citizens' Party - Lars Boje Mathiesen;Ikast-Brande;2026;3.4
I. Liberal Alliance;Ikast-Brande;2026;11.0
M. The Moderats;Ikast-Brande;2026;5.4
O. The Danish Peoples Party;Ikast-Brande;2026;11.1
V. Venstre, Denmarks Liberal Party;Ikast-Brande;2026;14.8
Æ. The Danish Democrats - Inger Støjberg;Ikast-Brande;2026;12.9
Ø. The Red-Green Alliance;Ikast-Brande;2026;2.0
Å. The Alternative;Ikast-Brande;2026;0.9
Independent candidates;Ikast-Brande;2026;0.1
Total;Ishøj;2026;100.0
A. The Social Democratic Party;Ishøj;2026;23.9
B. The Danish Social-Liberal Party;Ishøj;2026;9.2
C. The Conservative Peoples Party;Ishøj;2026;4.4
F. The Socialist Peoples Party;Ishøj;2026;10.0
H. The Citizens' Party - Lars Boje Mathiesen;Ishøj;2026;1.9
I. Liberal Alliance;Ishøj;2026;6.5
M. The Moderats;Ishøj;2026;8.0
O. The Danish Peoples Party;Ishøj;2026;14.7
V. Venstre, Denmarks Liberal Party;Ishøj;2026;3.8
Æ. The Danish Democrats - Inger Støjberg;Ishøj;2026;3.0
Ø. The Red-Green Alliance;Ishøj;2026;12.6
Å. The Alternative;Ishøj;2026;1.9
Independent candidates;Ishøj;2026;0.0
Total;Jammerbugt;2026;100.0
A. The Social Democratic Party;Jammerbugt;2026;29.8
B. The Danish Social-Liberal Party;Jammerbugt;2026;2.0
C. The Conservative Peoples Party;Jammerbugt;2026;4.1
F. The Socialist Peoples Party;Jammerbugt;2026;6.6
H. The Citizens' Party - Lars Boje Mathiesen;Jammerbugt;2026;3.0
I. Liberal Alliance;Jammerbugt;2026;9.4
M. The Moderats;Jammerbugt;2026;4.7
O. The Danish Peoples Party;Jammerbugt;2026;7.8
V. Venstre, Denmarks Liberal Party;Jammerbugt;2026;14.3
Æ. The Danish Democrats - Inger Støjberg;Jammerbugt;2026;15.4
Ø. The Red-Green Alliance;Jammerbugt;2026;1.9
Å. The Alternative;Jammerbugt;2026;1.0
Independent candidates;Jammerbugt;2026;0.0
Total;Kalundborg;2026;100.0
A. The Social Democratic Party;Kalundborg;2026;23.2
B. The Danish Social-Liberal Party;Kalundborg;2026;2.5
C. The Conservative Peoples Party;Kalundborg;2026;3.7
F. The Socialist Peoples Party;Kalundborg;2026;11.3
H. The Citizens' Party - Lars Boje Mathiesen;Kalundborg;2026;3.9
I. Liberal Alliance;Kalundborg;2026;8.5
M. The Moderats;Kalundborg;2026;7.4
O. The Danish Peoples Party;Kalundborg;2026;17.6
V. Venstre, Denmarks Liberal Party;Kalundborg;2026;9.3
Æ. The Danish Democrats - Inger Støjberg;Kalundborg;2026;7.5
Ø. The Red-Green Alliance;Kalundborg;2026;3.6
Å. The Alternative;Kalundborg;2026;1.5
Independent candidates;Kalundborg;2026;0.0
Total;Kerteminde;2026;100.0
A. The Social Democratic Party;Kerteminde;2026;28.1
B. The Danish Social-Liberal Party;Kerteminde;2026;2.4
C. The Conservative Peoples Party;Kerteminde;2026;13.0
F. The Socialist Peoples Party;Kerteminde;2026;10.3
H. The Citizens' Party - Lars Boje Mathiesen;Kerteminde;2026;2.2
I. Liberal Alliance;Kerteminde;2026;8.8
M. The Moderats;Kerteminde;2026;7.4
O. The Danish Peoples Party;Kerteminde;2026;9.8
V. Venstre, Denmarks Liberal Party;Kerteminde;2026;7.0
Æ. The Danish Democrats - Inger Støjberg;Kerteminde;2026;5.4
Ø. The Red-Green Alliance;Kerteminde;2026;4.2
Å. The Alternative;Kerteminde;2026;1.4
Independent candidates;Kerteminde;2026;0.0
Total;Kolding;2026;100.0
A. The Social Democratic Party;Kolding;2026;20.4
B. The Danish Social-Liberal Party;Kolding;2026;3.7
C. The Conservative Peoples Party;Kolding;2026;6.3
F. The Socialist Peoples Party;Kolding;2026;10.3
H. The Citizens' Party - Lars Boje Mathiesen;Kolding;2026;2.6
I. Liberal Alliance;Kolding;2026;11.9
M. The Moderats;Kolding;2026;8.1
O. The Danish Peoples Party;Kolding;2026;10.9
V. Venstre, Denmarks Liberal Party;Kolding;2026;14.7
Æ. The Danish Democrats - Inger Støjberg;Kolding;2026;5.7
Ø. The Red-Green Alliance;Kolding;2026;4.2
Å. The Alternative;Kolding;2026;1.3
Independent candidates;Kolding;2026;0.0
Total;Køge;2026;100.0
A. The Social Democratic Party;Køge;2026;19.8
B. The Danish Social-Liberal Party;Køge;2026;3.6
C. The Conservative Peoples Party;Køge;2026;7.1
F. The Socialist Peoples Party;Køge;2026;14.1
H. The Citizens' Party - Lars Boje Mathiesen;Køge;2026;2.1
I. Liberal Alliance;Køge;2026;9.8
M. The Moderats;Køge;2026;9.7
O. The Danish Peoples Party;Køge;2026;14.1
V. Venstre, Denmarks Liberal Party;Køge;2026;10.3
Æ. The Danish Democrats - Inger Støjberg;Køge;2026;3.8
Ø. The Red-Green Alliance;Køge;2026;3.9
Å. The Alternative;Køge;2026;1.6
Independent candidates;Køge;2026;0.0
Total;Langeland;2026;100.0
A. The Social Democratic Party;Langeland;2026;32.6
B. The Danish Social-Liberal Party;Langeland;2026;2.2
C. The Conservative Peoples Party;Langeland;2026;5.7
F. The Socialist Peoples Party;Langeland;2026;9.0
H. The Citizens' Party - Lars Boje Mathiesen;Langeland;2026;2.5
I. Liberal Alliance;Langeland;2026;5.7
M. The Moderats;Langeland;2026;6.1
O. The Danish Peoples Party;Langeland;2026;9.4
V. Venstre, Denmarks Liberal Party;Langeland;2026;12.1
Æ. The Danish Democrats - Inger Støjberg;Langeland;2026;7.7
Ø. The Red-Green Alliance;Langeland;2026;4.6
Å. The Alternative;Langeland;2026;2.4
Independent candidates;Langeland;2026;0.0
Total;Lejre;2026;100.0
A. The Social Democratic Party;Lejre;2026;18.4
B. The Danish Social-Liberal Party;Lejre;2026;5.0
C. The Conservative Peoples Party;Lejre;2026;6.4
F. The Socialist Peoples Party;Lejre;2026;17.3
H. The Citizens' Party - Lars Boje Mathiesen;Lejre;2026;2.1
I. Liberal Alliance;Lejre;2026;8.2
M. The Moderats;Lejre;2026;9.2
O. The Danish Peoples Party;Lejre;2026;11.6
V. Venstre, Denmarks Liberal Party;Lejre;2026;9.6
Æ. The Danish Democrats - Inger Støjberg;Lejre;2026;4.0
Ø. The Red-Green Alliance;Lejre;2026;5.2
Å. The Alternative;Lejre;2026;3.2
Independent candidates;Lejre;2026;0.0
Total;Lemvig;2026;100.0
A. The Social Democratic Party;Lemvig;2026;17.5
B. The Danish Social-Liberal Party;Lemvig;2026;2.0
C. The Conservative Peoples Party;Lemvig;2026;3.0
F. The Socialist Peoples Party;Lemvig;2026;8.4
H. The Citizens' Party - Lars Boje Mathiesen;Lemvig;2026;2.7
I. Liberal Alliance;Lemvig;2026;5.9
M. The Moderats;Lemvig;2026;2.8
O. The Danish Peoples Party;Lemvig;2026;6.2
V. Venstre, Denmarks Liberal Party;Lemvig;2026;34.1
Æ. The Danish Democrats - Inger Støjberg;Lemvig;2026;14.9
Ø. The Red-Green Alliance;Lemvig;2026;1.5
Å. The Alternative;Lemvig;2026;0.8
Independent candidates;Lemvig;2026;0.0
Total;Lolland;2026;100.0
A. The Social Democratic Party;Lolland;2026;30.2
B. The Danish Social-Liberal Party;Lolland;2026;1.2
C. The Conservative Peoples Party;Lolland;2026;3.9
F. The Socialist Peoples Party;Lolland;2026;10.0
H. The Citizens' Party - Lars Boje Mathiesen;Lolland;2026;3.7
I. Liberal Alliance;Lolland;2026;5.0
M. The Moderats;Lolland;2026;5.5
O. The Danish Peoples Party;Lolland;2026;15.4
V. Venstre, Denmarks Liberal Party;Lolland;2026;7.2
Æ. The Danish Democrats - Inger Støjberg;Lolland;2026;13.3
Ø. The Red-Green Alliance;Lolland;2026;3.1
Å. The Alternative;Lolland;2026;1.5
Independent candidates;Lolland;2026;0.0
Total;Lyngby-Taarbæk;2026;100.0
A. The Social Democratic Party;Lyngby-Taarbæk;2026;15.8
B. The Danish Social-Liberal Party;Lyngby-Taarbæk;2026;12.0
C. The Conservative Peoples Party;Lyngby-Taarbæk;2026;15.6
F. The Socialist Peoples Party;Lyngby-Taarbæk;2026;11.9
H. The Citizens' Party - Lars Boje Mathiesen;Lyngby-Taarbæk;2026;0.8
I. Liberal Alliance;Lyngby-Taarbæk;2026;9.4
M. The Moderats;Lyngby-Taarbæk;2026;11.9
O. The Danish Peoples Party;Lyngby-Taarbæk;2026;6.5
V. Venstre, Denmarks Liberal Party;Lyngby-Taarbæk;2026;6.7
Æ. The Danish Democrats - Inger Støjberg;Lyngby-Taarbæk;2026;0.8
Ø. The Red-Green Alliance;Lyngby-Taarbæk;2026;5.3
Å. The Alternative;Lyngby-Taarbæk;2026;3.3
Independent candidates;Lyngby-Taarbæk;2026;0.0
Total;Læsø;2026;100.0
A. The Social Democratic Party;Læsø;2026;21.3
B. The Danish Social-Liberal Party;Læsø;2026;2.3
C. The Conservative Peoples Party;Læsø;2026;6.1
F. The Socialist Peoples Party;Læsø;2026;7.2
H. The Citizens' Party - Lars Boje Mathiesen;Læsø;2026;3.7
I. Liberal Alliance;Læsø;2026;5.5
M. The Moderats;Læsø;2026;5.4
O. The Danish Peoples Party;Læsø;2026;13.4
V. Venstre, Denmarks Liberal Party;Læsø;2026;11.6
Æ. The Danish Democrats - Inger Støjberg;Læsø;2026;18.6
Ø. The Red-Green Alliance;Læsø;2026;2.9
Å. The Alternative;Læsø;2026;2.0
Independent candidates;Læsø;2026;0.0
Total;Mariagerfjord;2026;100.0
A. The Social Democratic Party;Mariagerfjord;2026;26.8
B. The Danish Social-Liberal Party;Mariagerfjord;2026;2.6
C. The Conservative Peoples Party;Mariagerfjord;2026;6.6
F. The Socialist Peoples Party;Mariagerfjord;2026;7.6
H. The Citizens' Party - Lars Boje Mathiesen;Mariagerfjord;2026;2.7
I. Liberal Alliance;Mariagerfjord;2026;8.3
M. The Moderats;Mariagerfjord;2026;4.5
O. The Danish Peoples Party;Mariagerfjord;2026;6.6
V. Venstre, Denmarks Liberal Party;Mariagerfjord;2026;11.6
Æ. The Danish Democrats - Inger Støjberg;Mariagerfjord;2026;19.1
Ø. The Red-Green Alliance;Mariagerfjord;2026;2.4
Å. The Alternative;Mariagerfjord;2026;1.3
Independent candidates;Mariagerfjord;2026;0.0
Total;Middelfart;2026;100.0
A. The Social Democratic Party;Middelfart;2026;25.6
B. The Danish Social-Liberal Party;Middelfart;2026;3.9
C. The Conservative Peoples Party;Middelfart;2026;7.0
F. The Socialist Peoples Party;Middelfart;2026;10.7
H. The Citizens' Party - Lars Boje Mathiesen;Middelfart;2026;2.7
I. Liberal Alliance;Middelfart;2026;9.7
M. The Moderats;Middelfart;2026;8.8
O. The Danish Peoples Party;Middelfart;2026;8.3
V. Venstre, Denmarks Liberal Party;Middelfart;2026;11.6
Æ. The Danish Democrats - Inger Støjberg;Middelfart;2026;6.6
Ø. The Red-Green Alliance;Middelfart;2026;3.0
Å. The Alternative;Middelfart;2026;2.0
Independent candidates;Middelfart;2026;0.0
Total;Morsø;2026;100.0
A. The Social Democratic Party;Morsø;2026;32.7
B. The Danish Social-Liberal Party;Morsø;2026;1.9
C. The Conservative Peoples Party;Morsø;2026;3.3
F. The Socialist Peoples Party;Morsø;2026;5.8
H. The Citizens' Party - Lars Boje Mathiesen;Morsø;2026;2.7
I. Liberal Alliance;Morsø;2026;8.5
M. The Moderats;Morsø;2026;3.8
O. The Danish Peoples Party;Morsø;2026;6.4
V. Venstre, Denmarks Liberal Party;Morsø;2026;15.7
Æ. The Danish Democrats - Inger Støjberg;Morsø;2026;16.3
Ø. The Red-Green Alliance;Morsø;2026;2.0
Å. The Alternative;Morsø;2026;1.0
Independent candidates;Morsø;2026;0.0
Total;Norddjurs;2026;100.0
A. The Social Democratic Party;Norddjurs;2026;28.4
B. The Danish Social-Liberal Party;Norddjurs;2026;2.0
C. The Conservative Peoples Party;Norddjurs;2026;4.2
F. The Socialist Peoples Party;Norddjurs;2026;8.9
H. The Citizens' Party - Lars Boje Mathiesen;Norddjurs;2026;3.9
I. Liberal Alliance;Norddjurs;2026;13.3
M. The Moderats;Norddjurs;2026;4.8
O. The Danish Peoples Party;Norddjurs;2026;9.9
V. Venstre, Denmarks Liberal Party;Norddjurs;2026;9.8
Æ. The Danish Democrats - Inger Støjberg;Norddjurs;2026;10.0
Ø. The Red-Green Alliance;Norddjurs;2026;2.9
Å. The Alternative;Norddjurs;2026;1.8
Independent candidates;Norddjurs;2026;0.1
Total;Nordfyns;2026;100.0
A. The Social Democratic Party;Nordfyns;2026;25.7
B. The Danish Social-Liberal Party;Nordfyns;2026;2.2
C. The Conservative Peoples Party;Nordfyns;2026;5.1
F. The Socialist Peoples Party;Nordfyns;2026;9.6
H. The Citizens' Party - Lars Boje Mathiesen;Nordfyns;2026;3.4
I. Liberal Alliance;Nordfyns;2026;7.5
M. The Moderats;Nordfyns;2026;6.7
O. The Danish Peoples Party;Nordfyns;2026;10.5
V. Venstre, Denmarks Liberal Party;Nordfyns;2026;15.7
Æ. The Danish Democrats - Inger Støjberg;Nordfyns;2026;9.8
Ø. The Red-Green Alliance;Nordfyns;2026;2.4
Å. The Alternative;Nordfyns;2026;1.3
Independent candidates;Nordfyns;2026;0.0
Total;Nyborg;2026;100.0
A. The Social Democratic Party;Nyborg;2026;26.2
B. The Danish Social-Liberal Party;Nyborg;2026;3.3
C. The Conservative Peoples Party;Nyborg;2026;5.5
F. The Socialist Peoples Party;Nyborg;2026;13.7
H. The Citizens' Party - Lars Boje Mathiesen;Nyborg;2026;3.3
I. Liberal Alliance;Nyborg;2026;7.8
M. The Moderats;Nyborg;2026;7.2
O. The Danish Peoples Party;Nyborg;2026;10.1
V. Venstre, Denmarks Liberal Party;Nyborg;2026;11.5
Æ. The Danish Democrats - Inger Støjberg;Nyborg;2026;5.5
Ø. The Red-Green Alliance;Nyborg;2026;4.0
Å. The Alternative;Nyborg;2026;1.9
Independent candidates;Nyborg;2026;0.0
Total;Næstved;2026;100.0
A. The Social Democratic Party;Næstved;2026;25.0
B. The Danish Social-Liberal Party;Næstved;2026;2.8
C. The Conservative Peoples Party;Næstved;2026;6.1
F. The Socialist Peoples Party;Næstved;2026;11.7
H. The Citizens' Party - Lars Boje Mathiesen;Næstved;2026;3.0
I. Liberal Alliance;Næstved;2026;10.2
M. The Moderats;Næstved;2026;8.5
O. The Danish Peoples Party;Næstved;2026;14.5
V. Venstre, Denmarks Liberal Party;Næstved;2026;7.6
Æ. The Danish Democrats - Inger Støjberg;Næstved;2026;5.2
Ø. The Red-Green Alliance;Næstved;2026;3.7
Å. The Alternative;Næstved;2026;1.6
Independent candidates;Næstved;2026;0.0
Total;Odder;2026;100.0
A. The Social Democratic Party;Odder;2026;23.8
B. The Danish Social-Liberal Party;Odder;2026;5.0
C. The Conservative Peoples Party;Odder;2026;7.9
F. The Socialist Peoples Party;Odder;2026;14.1
H. The Citizens' Party - Lars Boje Mathiesen;Odder;2026;2.3
I. Liberal Alliance;Odder;2026;8.5
M. The Moderats;Odder;2026;7.6
O. The Danish Peoples Party;Odder;2026;6.5
V. Venstre, Denmarks Liberal Party;Odder;2026;11.2
Æ. The Danish Democrats - Inger Støjberg;Odder;2026;4.8
Ø. The Red-Green Alliance;Odder;2026;5.5
Å. The Alternative;Odder;2026;2.7
Independent candidates;Odder;2026;0.0
Total;Odense;2026;100.0
A. The Social Democratic Party;Odense;2026;24.3
B. The Danish Social-Liberal Party;Odense;2026;6.2
C. The Conservative Peoples Party;Odense;2026;7.8
F. The Socialist Peoples Party;Odense;2026;13.9
H. The Citizens' Party - Lars Boje Mathiesen;Odense;2026;1.4
I. Liberal Alliance;Odense;2026;9.0
M. The Moderats;Odense;2026;7.9
O. The Danish Peoples Party;Odense;2026;7.7
V. Venstre, Denmarks Liberal Party;Odense;2026;8.8
Æ. The Danish Democrats - Inger Støjberg;Odense;2026;2.4
Ø. The Red-Green Alliance;Odense;2026;8.2
Å. The Alternative;Odense;2026;2.4
Independent candidates;Odense;2026;0.0
Total;Odsherred;2026;100.0
A. The Social Democratic Party;Odsherred;2026;24.0
B. The Danish Social-Liberal Party;Odsherred;2026;2.9
C. The Conservative Peoples Party;Odsherred;2026;4.0
F. The Socialist Peoples Party;Odsherred;2026;13.1
H. The Citizens' Party - Lars Boje Mathiesen;Odsherred;2026;3.5
I. Liberal Alliance;Odsherred;2026;6.7
M. The Moderats;Odsherred;2026;7.8
O. The Danish Peoples Party;Odsherred;2026;16.0
V. Venstre, Denmarks Liberal Party;Odsherred;2026;7.6
Æ. The Danish Democrats - Inger Støjberg;Odsherred;2026;7.4
Ø. The Red-Green Alliance;Odsherred;2026;4.2
Å. The Alternative;Odsherred;2026;2.8
Independent candidates;Odsherred;2026;0.0
Total;Randers;2026;100.0
A. The Social Democratic Party;Randers;2026;24.6
B. The Danish Social-Liberal Party;Randers;2026;3.0
C. The Conservative Peoples Party;Randers;2026;5.7
F. The Socialist Peoples Party;Randers;2026;12.8
H. The Citizens' Party - Lars Boje Mathiesen;Randers;2026;3.1
I. Liberal Alliance;Randers;2026;11.3
M. The Moderats;Randers;2026;6.2
O. The Danish Peoples Party;Randers;2026;10.2
V. Venstre, Denmarks Liberal Party;Randers;2026;9.8
Æ. The Danish Democrats - Inger Støjberg;Randers;2026;8.2
Ø. The Red-Green Alliance;Randers;2026;3.6
Å. The Alternative;Randers;2026;1.6
Independent candidates;Randers;2026;0.0
Total;Rebild;2026;100.0
A. The Social Democratic Party;Rebild;2026;25.5
B. The Danish Social-Liberal Party;Rebild;2026;4.2
C. The Conservative Peoples Party;Rebild;2026;5.6
F. The Socialist Peoples Party;Rebild;2026;8.8
H. The Citizens' Party - Lars Boje Mathiesen;Rebild;2026;2.5
I. Liberal Alliance;Rebild;2026;9.6
M. The Moderats;Rebild;2026;5.7
O. The Danish Peoples Party;Rebild;2026;5.5
V. Venstre, Denmarks Liberal Party;Rebild;2026;14.9
Æ. The Danish Democrats - Inger Støjberg;Rebild;2026;13.5
Ø. The Red-Green Alliance;Rebild;2026;2.7
Å. The Alternative;Rebild;2026;1.5
Independent candidates;Rebild;2026;0.0
Total;Ringkøbing-Skjern;2026;100.0
A. The Social Democratic Party;Ringkøbing-Skjern;2026;16.7
B. The Danish Social-Liberal Party;Ringkøbing-Skjern;2026;1.8
C. The Conservative Peoples Party;Ringkøbing-Skjern;2026;7.3
F. The Socialist Peoples Party;Ringkøbing-Skjern;2026;7.3
H. The Citizens' Party - Lars Boje Mathiesen;Ringkøbing-Skjern;2026;2.7
I. Liberal Alliance;Ringkøbing-Skjern;2026;8.9
M. The Moderats;Ringkøbing-Skjern;2026;4.8
O. The Danish Peoples Party;Ringkøbing-Skjern;2026;6.1
V. Venstre, Denmarks Liberal Party;Ringkøbing-Skjern;2026;20.2
Æ. The Danish Democrats - Inger Støjberg;Ringkøbing-Skjern;2026;22.2
Ø. The Red-Green Alliance;Ringkøbing-Skjern;2026;1.3
Å. The Alternative;Ringkøbing-Skjern;2026;0.7
Independent candidates;Ringkøbing-Skjern;2026;0.1
Total;Ringsted;2026;100.0
A. The Social Democratic Party;Ringsted;2026;20.5
B. The Danish Social-Liberal Party;Ringsted;2026;3.2
C. The Conservative Peoples Party;Ringsted;2026;9.2
F. The Socialist Peoples Party;Ringsted;2026;12.6
H. The Citizens' Party - Lars Boje Mathiesen;Ringsted;2026;2.5
I. Liberal Alliance;Ringsted;2026;9.1
M. The Moderats;Ringsted;2026;9.1
O. The Danish Peoples Party;Ringsted;2026;13.9
V. Venstre, Denmarks Liberal Party;Ringsted;2026;8.0
Æ. The Danish Democrats - Inger Støjberg;Ringsted;2026;4.9
Ø. The Red-Green Alliance;Ringsted;2026;5.0
Å. The Alternative;Ringsted;2026;2.0
Independent candidates;Ringsted;2026;0.0
Total;Roskilde;2026;100.0
A. The Social Democratic Party;Roskilde;2026;19.6
B. The Danish Social-Liberal Party;Roskilde;2026;6.3
C. The Conservative Peoples Party;Roskilde;2026;9.3
F. The Socialist Peoples Party;Roskilde;2026;15.8
H. The Citizens' Party - Lars Boje Mathiesen;Roskilde;2026;1.5
I. Liberal Alliance;Roskilde;2026;9.3
M. The Moderats;Roskilde;2026;10.7
O. The Danish Peoples Party;Roskilde;2026;9.6
V. Venstre, Denmarks Liberal Party;Roskilde;2026;7.1
Æ. The Danish Democrats - Inger Støjberg;Roskilde;2026;2.1
Ø. The Red-Green Alliance;Roskilde;2026;6.1
Å. The Alternative;Roskilde;2026;2.6
Independent candidates;Roskilde;2026;0.0
Total;Rudersdal;2026;100.0
A. The Social Democratic Party;Rudersdal;2026;11.7
B. The Danish Social-Liberal Party;Rudersdal;2026;11.9
C. The Conservative Peoples Party;Rudersdal;2026;18.0
F. The Socialist Peoples Party;Rudersdal;2026;8.5
H. The Citizens' Party - Lars Boje Mathiesen;Rudersdal;2026;0.9
I. Liberal Alliance;Rudersdal;2026;12.8
M. The Moderats;Rudersdal;2026;12.3
O. The Danish Peoples Party;Rudersdal;2026;5.3
V. Venstre, Denmarks Liberal Party;Rudersdal;2026;11.6
Æ. The Danish Democrats - Inger Støjberg;Rudersdal;2026;0.8
Ø. The Red-Green Alliance;Rudersdal;2026;4.0
Å. The Alternative;Rudersdal;2026;2.2
Independent candidates;Rudersdal;2026;0.0
Total;Rødovre;2026;100.0
A. The Social Democratic Party;Rødovre;2026;26.0
B. The Danish Social-Liberal Party;Rødovre;2026;6.9
C. The Conservative Peoples Party;Rødovre;2026;6.7
F. The Socialist Peoples Party;Rødovre;2026;13.6
H. The Citizens' Party - Lars Boje Mathiesen;Rødovre;2026;1.7
I. Liberal Alliance;Rødovre;2026;7.6
M. The Moderats;Rødovre;2026;7.9
O. The Danish Peoples Party;Rødovre;2026;12.5
V. Venstre, Denmarks Liberal Party;Rødovre;2026;3.8
Æ. The Danish Democrats - Inger Støjberg;Rødovre;2026;1.8
Ø. The Red-Green Alliance;Rødovre;2026;8.9
Å. The Alternative;Rødovre;2026;2.6
Independent candidates;Rødovre;2026;0.0
Total;Samsø;2026;100.0
A. The Social Democratic Party;Samsø;2026;20.4
B. The Danish Social-Liberal Party;Samsø;2026;3.0
C. The Conservative Peoples Party;Samsø;2026;10.2
F. The Socialist Peoples Party;Samsø;2026;13.3
H. The Citizens' Party - Lars Boje Mathiesen;Samsø;2026;1.6
I. Liberal Alliance;Samsø;2026;5.6
M. The Moderats;Samsø;2026;6.5
O. The Danish Peoples Party;Samsø;2026;5.4
V. Venstre, Denmarks Liberal Party;Samsø;2026;12.0
Æ. The Danish Democrats - Inger Støjberg;Samsø;2026;7.1
Ø. The Red-Green Alliance;Samsø;2026;7.0
Å. The Alternative;Samsø;2026;7.9
Independent candidates;Samsø;2026;0.0
Total;Silkeborg;2026;100.0
A. The Social Democratic Party;Silkeborg;2026;21.4
B. The Danish Social-Liberal Party;Silkeborg;2026;4.9
C. The Conservative Peoples Party;Silkeborg;2026;8.3
F. The Socialist Peoples Party;Silkeborg;2026;12.2
H. The Citizens' Party - Lars Boje Mathiesen;Silkeborg;2026;2.4
I. Liberal Alliance;Silkeborg;2026;11.2
M. The Moderats;Silkeborg;2026;8.0
O. The Danish Peoples Party;Silkeborg;2026;7.0
V. Venstre, Denmarks Liberal Party;Silkeborg;2026;11.6
Æ. The Danish Democrats - Inger Støjberg;Silkeborg;2026;7.3
Ø. The Red-Green Alliance;Silkeborg;2026;4.0
Å. The Alternative;Silkeborg;2026;1.7
Independent candidates;Silkeborg;2026;0.0
Total;Skanderborg;2026;100.0
A. The Social Democratic Party;Skanderborg;2026;21.7
B. The Danish Social-Liberal Party;Skanderborg;2026;7.5
C. The Conservative Peoples Party;Skanderborg;2026;8.3
F. The Socialist Peoples Party;Skanderborg;2026;13.6
H. The Citizens' Party - Lars Boje Mathiesen;Skanderborg;2026;2.1
I. Liberal Alliance;Skanderborg;2026;10.7
M. The Moderats;Skanderborg;2026;9.0
O. The Danish Peoples Party;Skanderborg;2026;5.6
V. Venstre, Denmarks Liberal Party;Skanderborg;2026;10.3
Æ. The Danish Democrats - Inger Støjberg;Skanderborg;2026;4.6
Ø. The Red-Green Alliance;Skanderborg;2026;3.9
Å. The Alternative;Skanderborg;2026;2.6
Independent candidates;Skanderborg;2026;0.0
Total;Skive;2026;100.0
A. The Social Democratic Party;Skive;2026;25.3
B. The Danish Social-Liberal Party;Skive;2026;1.8
C. The Conservative Peoples Party;Skive;2026;4.3
F. The Socialist Peoples Party;Skive;2026;11.3
H. The Citizens' Party - Lars Boje Mathiesen;Skive;2026;2.8
I. Liberal Alliance;Skive;2026;8.1
M. The Moderats;Skive;2026;5.0
O. The Danish Peoples Party;Skive;2026;7.1
V. Venstre, Denmarks Liberal Party;Skive;2026;13.8
Æ. The Danish Democrats - Inger Støjberg;Skive;2026;17.5
Ø. The Red-Green Alliance;Skive;2026;2.2
Å. The Alternative;Skive;2026;0.8
Independent candidates;Skive;2026;0.0
Total;Slagelse;2026;100.0
A. The Social Democratic Party;Slagelse;2026;24.6
B. The Danish Social-Liberal Party;Slagelse;2026;2.5
C. The Conservative Peoples Party;Slagelse;2026;4.7
F. The Socialist Peoples Party;Slagelse;2026;11.0
H. The Citizens' Party - Lars Boje Mathiesen;Slagelse;2026;3.1
I. Liberal Alliance;Slagelse;2026;8.6
M. The Moderats;Slagelse;2026;8.8
O. The Danish Peoples Party;Slagelse;2026;16.7
V. Venstre, Denmarks Liberal Party;Slagelse;2026;8.8
Æ. The Danish Democrats - Inger Støjberg;Slagelse;2026;5.8
Ø. The Red-Green Alliance;Slagelse;2026;3.9
Å. The Alternative;Slagelse;2026;1.4
Independent candidates;Slagelse;2026;0.0
Total;Solrød;2026;100.0
A. The Social Democratic Party;Solrød;2026;18.2
B. The Danish Social-Liberal Party;Solrød;2026;3.8
C. The Conservative Peoples Party;Solrød;2026;8.2
F. The Socialist Peoples Party;Solrød;2026;10.2
H. The Citizens' Party - Lars Boje Mathiesen;Solrød;2026;1.8
I. Liberal Alliance;Solrød;2026;15.2
M. The Moderats;Solrød;2026;12.3
O. The Danish Peoples Party;Solrød;2026;13.3
V. Venstre, Denmarks Liberal Party;Solrød;2026;9.9
Æ. The Danish Democrats - Inger Støjberg;Solrød;2026;3.1
Ø. The Red-Green Alliance;Solrød;2026;2.7
Å. The Alternative;Solrød;2026;1.2
Independent candidates;Solrød;2026;0.0
Total;Sorø;2026;100.0
A. The Social Democratic Party;Sorø;2026;22.2
B. The Danish Social-Liberal Party;Sorø;2026;3.9
C. The Conservative Peoples Party;Sorø;2026;4.8
F. The Socialist Peoples Party;Sorø;2026;12.8
H. The Citizens' Party - Lars Boje Mathiesen;Sorø;2026;3.2
I. Liberal Alliance;Sorø;2026;7.9
M. The Moderats;Sorø;2026;8.5
O. The Danish Peoples Party;Sorø;2026;14.5
V. Venstre, Denmarks Liberal Party;Sorø;2026;9.5
Æ. The Danish Democrats - Inger Støjberg;Sorø;2026;5.6
Ø. The Red-Green Alliance;Sorø;2026;4.9
Å. The Alternative;Sorø;2026;2.4
Independent candidates;Sorø;2026;0.0
Total;Stevns;2026;100.0
A. The Social Democratic Party;Stevns;2026;21.2
B. The Danish Social-Liberal Party;Stevns;2026;3.2
C. The Conservative Peoples Party;Stevns;2026;6.1
F. The Socialist Peoples Party;Stevns;2026;11.9
H. The Citizens' Party - Lars Boje Mathiesen;Stevns;2026;3.3
I. Liberal Alliance;Stevns;2026;8.6
M. The Moderats;Stevns;2026;9.1
O. The Danish Peoples Party;Stevns;2026;16.6
V. Venstre, Denmarks Liberal Party;Stevns;2026;9.1
Æ. The Danish Democrats - Inger Støjberg;Stevns;2026;5.9
Ø. The Red-Green Alliance;Stevns;2026;3.1
Å. The Alternative;Stevns;2026;1.9
Independent candidates;Stevns;2026;0.0
Total;Struer;2026;100.0
A. The Social Democratic Party;Struer;2026;24.4
B. The Danish Social-Liberal Party;Struer;2026;2.9
C. The Conservative Peoples Party;Struer;2026;4.5
F. The Socialist Peoples Party;Struer;2026;10.4
H. The Citizens' Party - Lars Boje Mathiesen;Struer;2026;2.8
I. Liberal Alliance;Struer;2026;9.9
M. The Moderats;Struer;2026;4.4
O. The Danish Peoples Party;Struer;2026;7.7
V. Venstre, Denmarks Liberal Party;Struer;2026;18.5
Æ. The Danish Democrats - Inger Støjberg;Struer;2026;11.7
Ø. The Red-Green Alliance;Struer;2026;1.7
Å. The Alternative;Struer;2026;0.8
Independent candidates;Struer;2026;0.1
Total;Svendborg;2026;100.0
A. The Social Democratic Party;Svendborg;2026;29.1
B. The Danish Social-Liberal Party;Svendborg;2026;3.9
C. The Conservative Peoples Party;Svendborg;2026;5.7
F. The Socialist Peoples Party;Svendborg;2026;12.5
H. The Citizens' Party - Lars Boje Mathiesen;Svendborg;2026;2.0
I. Liberal Alliance;Svendborg;2026;7.5
M. The Moderats;Svendborg;2026;7.4
O. The Danish Peoples Party;Svendborg;2026;7.5
V. Venstre, Denmarks Liberal Party;Svendborg;2026;8.3
Æ. The Danish Democrats - Inger Støjberg;Svendborg;2026;4.5
Ø. The Red-Green Alliance;Svendborg;2026;8.6
Å. The Alternative;Svendborg;2026;3.0
Independent candidates;Svendborg;2026;0.0
Total;Syddjurs;2026;100.0
A. The Social Democratic Party;Syddjurs;2026;23.5
B. The Danish Social-Liberal Party;Syddjurs;2026;4.3
C. The Conservative Peoples Party;Syddjurs;2026;7.0
F. The Socialist Peoples Party;Syddjurs;2026;12.1
H. The Citizens' Party - Lars Boje Mathiesen;Syddjurs;2026;2.9
I. Liberal Alliance;Syddjurs;2026;8.8
M. The Moderats;Syddjurs;2026;7.3
O. The Danish Peoples Party;Syddjurs;2026;7.6
V. Venstre, Denmarks Liberal Party;Syddjurs;2026;9.8
Æ. The Danish Democrats - Inger Støjberg;Syddjurs;2026;7.7
Ø. The Red-Green Alliance;Syddjurs;2026;5.0
Å. The Alternative;Syddjurs;2026;4.1
Independent candidates;Syddjurs;2026;0.0
Total;Sønderborg;2026;100.0
A. The Social Democratic Party;Sønderborg;2026;26.4
B. The Danish Social-Liberal Party;Sønderborg;2026;2.7
C. The Conservative Peoples Party;Sønderborg;2026;4.2
F. The Socialist Peoples Party;Sønderborg;2026;7.2
H. The Citizens' Party - Lars Boje Mathiesen;Sønderborg;2026;3.1
I. Liberal Alliance;Sønderborg;2026;9.9
M. The Moderats;Sønderborg;2026;7.0
O. The Danish Peoples Party;Sønderborg;2026;12.2
V. Venstre, Denmarks Liberal Party;Sønderborg;2026;15.7
Æ. The Danish Democrats - Inger Støjberg;Sønderborg;2026;7.8
Ø. The Red-Green Alliance;Sønderborg;2026;2.9
Å. The Alternative;Sønderborg;2026;1.0
Independent candidates;Sønderborg;2026;0.0
Total;Thisted;2026;100.0
A. The Social Democratic Party;Thisted;2026;26.7
B. The Danish Social-Liberal Party;Thisted;2026;2.7
C. The Conservative Peoples Party;Thisted;2026;4.3
F. The Socialist Peoples Party;Thisted;2026;7.3
H. The Citizens' Party - Lars Boje Mathiesen;Thisted;2026;2.6
I. Liberal Alliance;Thisted;2026;11.8
M. The Moderats;Thisted;2026;4.7
O. The Danish Peoples Party;Thisted;2026;5.8
V. Venstre, Denmarks Liberal Party;Thisted;2026;12.9
Æ. The Danish Democrats - Inger Støjberg;Thisted;2026;16.4
Ø. The Red-Green Alliance;Thisted;2026;3.2
Å. The Alternative;Thisted;2026;1.5
Independent candidates;Thisted;2026;0.0
Total;Tårnby;2026;100.0
A. The Social Democratic Party;Tårnby;2026;27.7
B. The Danish Social-Liberal Party;Tårnby;2026;4.5
C. The Conservative Peoples Party;Tårnby;2026;7.4
F. The Socialist Peoples Party;Tårnby;2026;11.6
H. The Citizens' Party - Lars Boje Mathiesen;Tårnby;2026;1.7
I. Liberal Alliance;Tårnby;2026;8.0
M. The Moderats;Tårnby;2026;8.5
O. The Danish Peoples Party;Tårnby;2026;15.6
V. Venstre, Denmarks Liberal Party;Tårnby;2026;3.9
Æ. The Danish Democrats - Inger Støjberg;Tårnby;2026;2.2
Ø. The Red-Green Alliance;Tårnby;2026;6.5
Å. The Alternative;Tårnby;2026;2.3
Independent candidates;Tårnby;2026;0.2
Total;Tønder;2026;100.0
A. The Social Democratic Party;Tønder;2026;20.9
B. The Danish Social-Liberal Party;Tønder;2026;1.3
C. The Conservative Peoples Party;Tønder;2026;3.1
F. The Socialist Peoples Party;Tønder;2026;6.0
H. The Citizens' Party - Lars Boje Mathiesen;Tønder;2026;3.7
I. Liberal Alliance;Tønder;2026;8.7
M. The Moderats;Tønder;2026;8.6
O. The Danish Peoples Party;Tønder;2026;12.8
V. Venstre, Denmarks Liberal Party;Tønder;2026;19.6
Æ. The Danish Democrats - Inger Støjberg;Tønder;2026;13.0
Ø. The Red-Green Alliance;Tønder;2026;1.7
Å. The Alternative;Tønder;2026;0.7
Independent candidates;Tønder;2026;0.0
Total;Vallensbæk;2026;100.0
A. The Social Democratic Party;Vallensbæk;2026;21.4
B. The Danish Social-Liberal Party;Vallensbæk;2026;7.8
C. The Conservative Peoples Party;Vallensbæk;2026;13.4
F. The Socialist Peoples Party;Vallensbæk;2026;9.3
H. The Citizens' Party - Lars Boje Mathiesen;Vallensbæk;2026;1.2
I. Liberal Alliance;Vallensbæk;2026;8.2
M. The Moderats;Vallensbæk;2026;9.7
O. The Danish Peoples Party;Vallensbæk;2026;11.8
V. Venstre, Denmarks Liberal Party;Vallensbæk;2026;5.4
Æ. The Danish Democrats - Inger Støjberg;Vallensbæk;2026;2.3
Ø. The Red-Green Alliance;Vallensbæk;2026;8.0
Å. The Alternative;Vallensbæk;2026;1.3
Independent candidates;Vallensbæk;2026;0.0
Total;Varde;2026;100.0
A. The Social Democratic Party;Varde;2026;20.2
B. The Danish Social-Liberal Party;Varde;2026;1.7
C. The Conservative Peoples Party;Varde;2026;4.3
F. The Socialist Peoples Party;Varde;2026;6.4
H. The Citizens' Party - Lars Boje Mathiesen;Varde;2026;3.1
I. Liberal Alliance;Varde;2026;10.3
M. The Moderats;Varde;2026;5.9
O. The Danish Peoples Party;Varde;2026;9.7
V. Venstre, Denmarks Liberal Party;Varde;2026;23.9
Æ. The Danish Democrats - Inger Støjberg;Varde;2026;12.0
Ø. The Red-Green Alliance;Varde;2026;1.7
Å. The Alternative;Varde;2026;0.7
Independent candidates;Varde;2026;0.0
Total;Vejen;2026;100.0
A. The Social Democratic Party;Vejen;2026;19.9
B. The Danish Social-Liberal Party;Vejen;2026;1.9
C. The Conservative Peoples Party;Vejen;2026;4.5
F. The Socialist Peoples Party;Vejen;2026;6.6
H. The Citizens' Party - Lars Boje Mathiesen;Vejen;2026;4.0
I. Liberal Alliance;Vejen;2026;11.1
M. The Moderats;Vejen;2026;6.3
O. The Danish Peoples Party;Vejen;2026;11.8
V. Venstre, Denmarks Liberal Party;Vejen;2026;20.4
Æ. The Danish Democrats - Inger Støjberg;Vejen;2026;10.7
Ø. The Red-Green Alliance;Vejen;2026;1.9
Å. The Alternative;Vejen;2026;0.9
Independent candidates;Vejen;2026;0.0
Total;Vejle;2026;100.0
A. The Social Democratic Party;Vejle;2026;21.5
B. The Danish Social-Liberal Party;Vejle;2026;4.4
C. The Conservative Peoples Party;Vejle;2026;6.3
F. The Socialist Peoples Party;Vejle;2026;10.3
H. The Citizens' Party - Lars Boje Mathiesen;Vejle;2026;2.1
I. Liberal Alliance;Vejle;2026;10.3
M. The Moderats;Vejle;2026;8.7
O. The Danish Peoples Party;Vejle;2026;9.4
V. Venstre, Denmarks Liberal Party;Vejle;2026;15.6
Æ. The Danish Democrats - Inger Støjberg;Vejle;2026;6.4
Ø. The Red-Green Alliance;Vejle;2026;3.5
Å. The Alternative;Vejle;2026;1.4
Independent candidates;Vejle;2026;0.0
Total;Vesthimmerlands;2026;100.0
A. The Social Democratic Party;Vesthimmerlands;2026;21.8
B. The Danish Social-Liberal Party;Vesthimmerlands;2026;2.0
C. The Conservative Peoples Party;Vesthimmerlands;2026;4.5
F. The Socialist Peoples Party;Vesthimmerlands;2026;10.2
H. The Citizens' Party - Lars Boje Mathiesen;Vesthimmerlands;2026;3.2
I. Liberal Alliance;Vesthimmerlands;2026;8.3
M. The Moderats;Vesthimmerlands;2026;3.6
O. The Danish Peoples Party;Vesthimmerlands;2026;6.9
V. Venstre, Denmarks Liberal Party;Vesthimmerlands;2026;18.4
Æ. The Danish Democrats - Inger Støjberg;Vesthimmerlands;2026;18.6
Ø. The Red-Green Alliance;Vesthimmerlands;2026;1.7
Å. The Alternative;Vesthimmerlands;2026;0.7
Independent candidates;Vesthimmerlands;2026;0.0
Total;Viborg;2026;100.0
A. The Social Democratic Party;Viborg;2026;21.6
B. The Danish Social-Liberal Party;Viborg;2026;2.7
C. The Conservative Peoples Party;Viborg;2026;13.1
F. The Socialist Peoples Party;Viborg;2026;10.7
H. The Citizens' Party - Lars Boje Mathiesen;Viborg;2026;2.7
I. Liberal Alliance;Viborg;2026;9.5
M. The Moderats;Viborg;2026;5.4
O. The Danish Peoples Party;Viborg;2026;7.1
V. Venstre, Denmarks Liberal Party;Viborg;2026;11.0
Æ. The Danish Democrats - Inger Støjberg;Viborg;2026;11.5
Ø. The Red-Green Alliance;Viborg;2026;2.9
Å. The Alternative;Viborg;2026;1.5
Independent candidates;Viborg;2026;0.2
Total;Vordingborg;2026;100.0
A. The Social Democratic Party;Vordingborg;2026;24.4
B. The Danish Social-Liberal Party;Vordingborg;2026;2.7
C. The Conservative Peoples Party;Vordingborg;2026;4.2
F. The Socialist Peoples Party;Vordingborg;2026;13.4
H. The Citizens' Party - Lars Boje Mathiesen;Vordingborg;2026;3.5
I. Liberal Alliance;Vordingborg;2026;7.7
M. The Moderats;Vordingborg;2026;9.7
O. The Danish Peoples Party;Vordingborg;2026;13.0
V. Venstre, Denmarks Liberal Party;Vordingborg;2026;7.7
Æ. The Danish Democrats - Inger Støjberg;Vordingborg;2026;6.0
Ø. The Red-Green Alliance;Vordingborg;2026;5.0
Å. The Alternative;Vordingborg;2026;2.7
Independent candidates;Vordingborg;2026;0.0
Total;Ærø;2026;100.0
A. The Social Democratic Party;Ærø;2026;28.2
B. The Danish Social-Liberal Party;Ærø;2026;3.2
C. The Conservative Peoples Party;Ærø;2026;8.5
F. The Socialist Peoples Party;Ærø;2026;10.6
H. The Citizens' Party - Lars Boje Mathiesen;Ærø;2026;1.3
I. Liberal Alliance;Ærø;2026;4.1
M. The Moderats;Ærø;2026;7.7
O. The Danish Peoples Party;Ærø;2026;7.4
V. Venstre, Denmarks Liberal Party;Ærø;2026;9.9
Æ. The Danish Democrats - Inger Støjberg;Ærø;2026;9.5
Ø. The Red-Green Alliance;Ærø;2026;6.5
Å. The Alternative;Ærø;2026;3.2
Independent candidates;Ærø;2026;0.0
