municipality,year,value
Aabenraa,2010,62.83
Aalborg,2010,38.52
Aarhus,2010,25.82
Albertslund,2010,13.13
Allerød,2010,54.76
Assens,2010,71.54
Ballerup,2010,28.85
Billund,2010,67.4
Bornholm,2010,62.28
Brøndby,2010,21.13
Brønderslev,2010,71.96
Copenhagen,2010,5.17
Dragør,2010,53.79
Egedal,2010,57.6
Esbjerg,2010,49.71
Faaborg-Midtfyn,2010,70.68
Fanø,2010,60.34
Favrskov,2010,72.13
Faxe,2010,66.36
Fredensborg,2010,35.68
Fredericia,2010,43.79
Frederiksberg,2010,1.87
Frederikshavn,2010,61.47
Frederikssund,2010,55.99
Furesø,2010,38.15
Gentofte,2010,31.7
Gladsaxe,2010,21.83
Glostrup,2010,24.49
Greve,2010,50.88
Gribskov,2010,73.81
Guldborgsund,2010,61.89
Haderslev,2010,57.33
Halsnæs,2010,62.49
Hedensted,2010,78.72
Helsingør,2010,34.99
Herlev,2010,24.66
Herning,2010,56.64
Hillerød,2010,46.77
Hjørring,2010,66.52
Holbæk,2010,55.28
Holstebro,2010,56.46
Horsens,2010,53.29
Hvidovre,2010,29.28
Høje-Taastrup,2010,28.19
Hørsholm,2010,36.33
Ikast-Brande,2010,66.94
Ishøj,2010,19.99
Jammerbugt,2010,79.2
Kalundborg,2010,64.12
Kerteminde,2010,64.74
Kolding,2010,52.29
Køge,2010,49.94
Langeland,2010,69.49
Lejre,2010,77.52
Lemvig,2010,72.72
Lolland,2010,64.58
Lyngby-Taarbæk,2010,23.88
Læsø,2010,82.83
Mariagerfjord,2010,68.15
Middelfart,2010,66.07
Morsø,2010,70.9
Norddjurs,2010,66.18
Nordfyns,2010,75.37
Nyborg,2010,55.94
Næstved,2010,53.64
Odder,2010,61.77
Odense,2010,32.71
Odsherred,2010,68.88
Randers,2010,48.73
Rebild,2010,77.05
Ringkøbing-Skjern,2010,71.05
Ringsted,2010,50.14
Roskilde,2010,42.13
Rudersdal,2010,43.79
Rødovre,2010,22.36
Samsø,2010,79.83
Silkeborg,2010,59.22
Skanderborg,2010,62.5
Skive,2010,65.38
Slagelse,2010,44.76
Solrød,2010,55.71
Sorø,2010,63.72
Stevns,2010,74.34
Struer,2010,64.53
Svendborg,2010,55.27
Syddjurs,2010,72.07
Sønderborg,2010,55.47
Thisted,2010,71.59
Tårnby,2010,37.59
Tønder,2010,70.57
Vallensbæk,2010,34.02
Varde,2010,71.35
Vejen,2010,71.28
Vejle,2010,56.2
Vesthimmerlands,2010,71.32
Viborg,2010,62.94
Vordingborg,2010,63.37
Ærø,2010,74.84
Aabenraa,2011,62.65
Aalborg,2011,38.3
Aarhus,2011,25.79
Albertslund,2011,12.99
Allerød,2011,54.89
Assens,2011,71.18
Ballerup,2011,28.87
Billund,2011,66.95
Bornholm,2011,62.2
Brøndby,2011,21.12
Brønderslev,2011,71.86
Copenhagen,2011,5.13
Dragør,2011,53.6
Egedal,2011,57.33
Esbjerg,2011,49.71
Faaborg-Midtfyn,2011,71.33
Fanø,2011,60.74
Favrskov,2011,71.44
Faxe,2011,66.5
Fredensborg,2011,35.57
Fredericia,2011,43.65
Frederiksberg,2011,1.85
Frederikshavn,2011,61.29
Frederikssund,2011,55.67
Furesø,2011,38.25
Gentofte,2011,31.21
Gladsaxe,2011,21.66
Glostrup,2011,24.5
Greve,2011,50.85
Gribskov,2011,73.53
Guldborgsund,2011,61.62
Haderslev,2011,57.29
Halsnæs,2011,62.5
Hedensted,2011,78.32
Helsingør,2011,34.96
Herlev,2011,24.64
Herning,2011,56.69
Hillerød,2011,46.32
Hjørring,2011,66.59
Holbæk,2011,55.22
Holstebro,2011,56.04
Horsens,2011,53.0
Hvidovre,2011,29.3
Høje-Taastrup,2011,28.08
Hørsholm,2011,36.36
Ikast-Brande,2011,66.81
Ishøj,2011,19.51
Jammerbugt,2011,78.77
Kalundborg,2011,64.12
Kerteminde,2011,64.41
Kolding,2011,52.2
Køge,2011,50.02
Langeland,2011,68.98
Lejre,2011,76.53
Lemvig,2011,72.49
Lolland,2011,64.28
Lyngby-Taarbæk,2011,23.9
Læsø,2011,82.56
Mariagerfjord,2011,67.6
Middelfart,2011,65.73
Morsø,2011,70.48
Norddjurs,2011,65.94
Nordfyns,2011,75.34
Nyborg,2011,55.71
Næstved,2011,53.61
Odder,2011,61.64
Odense,2011,32.59
Odsherred,2011,69.12
Randers,2011,48.68
Rebild,2011,77.18
Ringkøbing-Skjern,2011,71.25
Ringsted,2011,49.73
Roskilde,2011,41.67
Rudersdal,2011,43.67
Rødovre,2011,22.37
Samsø,2011,79.32
Silkeborg,2011,59.22
Skanderborg,2011,62.33
Skive,2011,64.99
Slagelse,2011,44.84
Solrød,2011,55.39
Sorø,2011,63.67
Stevns,2011,73.98
Struer,2011,64.62
Svendborg,2011,55.18
Syddjurs,2011,71.76
Sønderborg,2011,55.22
Thisted,2011,71.31
Tårnby,2011,37.59
Tønder,2011,70.47
Vallensbæk,2011,33.11
Varde,2011,71.13
Vejen,2011,71.27
Vejle,2011,56.01
Vesthimmerlands,2011,71.0
Viborg,2011,62.7
Vordingborg,2011,63.2
Ærø,2011,74.07
Aabenraa,2012,62.94
Aalborg,2012,38.09
Aarhus,2012,25.79
Albertslund,2012,12.97
Allerød,2012,55.08
Assens,2012,70.93
Ballerup,2012,28.81
Billund,2012,66.52
Bornholm,2012,61.98
Brøndby,2012,20.94
Brønderslev,2012,71.76
Copenhagen,2012,5.11
Dragør,2012,53.39
Egedal,2012,57.15
Esbjerg,2012,49.72
Faaborg-Midtfyn,2012,71.16
Fanø,2012,60.56
Favrskov,2012,71.25
Faxe,2012,66.68
Fredensborg,2012,35.37
Fredericia,2012,43.65
Frederiksberg,2012,1.85
Frederikshavn,2012,61.33
Frederikssund,2012,55.54
Furesø,2012,38.44
Gentofte,2012,31.0
Gladsaxe,2012,21.64
Glostrup,2012,24.54
Greve,2012,50.1
Gribskov,2012,73.4
Guldborgsund,2012,61.52
Haderslev,2012,57.19
Halsnæs,2012,62.84
Hedensted,2012,78.36
Helsingør,2012,35.01
Herlev,2012,24.5
Herning,2012,56.64
Hillerød,2012,45.93
Hjørring,2012,66.49
Holbæk,2012,55.28
Holstebro,2012,56.06
Horsens,2012,52.57
Hvidovre,2012,29.13
Høje-Taastrup,2012,27.99
Hørsholm,2012,36.12
Ikast-Brande,2012,66.79
Ishøj,2012,19.51
Jammerbugt,2012,78.26
Kalundborg,2012,64.04
Kerteminde,2012,64.17
Kolding,2012,52.14
Køge,2012,50.03
Langeland,2012,68.78
Lejre,2012,75.97
Lemvig,2012,72.41
Lolland,2012,64.27
Lyngby-Taarbæk,2012,23.63
Læsø,2012,83.3
Mariagerfjord,2012,67.36
Middelfart,2012,65.67
Morsø,2012,70.42
Norddjurs,2012,65.85
Nordfyns,2012,74.98
Nyborg,2012,55.91
Næstved,2012,53.54
Odder,2012,61.78
Odense,2012,32.56
Odsherred,2012,69.08
Randers,2012,48.58
Rebild,2012,76.93
Ringkøbing-Skjern,2012,71.06
Ringsted,2012,49.67
Roskilde,2012,41.5
Rudersdal,2012,43.56
Rødovre,2012,22.3
Samsø,2012,78.84
Silkeborg,2012,59.33
Skanderborg,2012,62.06
Skive,2012,65.0
Slagelse,2012,44.8
Solrød,2012,55.32
Sorø,2012,63.89
Stevns,2012,73.88
Struer,2012,64.07
Svendborg,2012,55.44
Syddjurs,2012,71.84
Sønderborg,2012,55.21
Thisted,2012,71.35
Tårnby,2012,37.56
Tønder,2012,70.4
Vallensbæk,2012,33.19
Varde,2012,71.01
Vejen,2012,71.23
Vejle,2012,55.77
Vesthimmerlands,2012,70.85
Viborg,2012,62.56
Vordingborg,2012,63.2
Ærø,2012,73.37
Aabenraa,2013,62.91
Aalborg,2013,37.7
Aarhus,2013,25.58
Albertslund,2013,12.87
Allerød,2013,55.26
Assens,2013,70.97
Ballerup,2013,28.52
Billund,2013,66.42
Bornholm,2013,61.84
Brøndby,2013,20.94
Brønderslev,2013,71.72
Copenhagen,2013,5.1
Dragør,2013,53.07
Egedal,2013,56.87
Esbjerg,2013,49.61
Faaborg-Midtfyn,2013,71.31
Fanø,2013,59.87
Favrskov,2013,71.3
Faxe,2013,66.5
Fredensborg,2013,35.52
Fredericia,2013,43.8
Frederiksberg,2013,1.84
Frederikshavn,2013,61.08
Frederikssund,2013,55.57
Furesø,2013,38.57
Gentofte,2013,30.98
Gladsaxe,2013,21.6
Glostrup,2013,24.32
Greve,2013,50.3
Gribskov,2013,73.12
Guldborgsund,2013,61.58
Haderslev,2013,57.23
Halsnæs,2013,62.97
Hedensted,2013,78.3
Helsingør,2013,34.96
Herlev,2013,24.44
Herning,2013,56.47
Hillerød,2013,45.88
Hjørring,2013,66.6
Holbæk,2013,55.58
Holstebro,2013,56.03
Horsens,2013,51.59
Hvidovre,2013,28.95
Høje-Taastrup,2013,27.92
Hørsholm,2013,36.0
Ikast-Brande,2013,66.82
Ishøj,2013,19.62
Jammerbugt,2013,78.23
Kalundborg,2013,63.84
Kerteminde,2013,63.89
Kolding,2013,51.95
Køge,2013,49.52
Langeland,2013,68.53
Lejre,2013,76.01
Lemvig,2013,72.32
Lolland,2013,64.47
Lyngby-Taarbæk,2013,23.55
Læsø,2013,83.93
Mariagerfjord,2013,67.34
Middelfart,2013,65.51
Morsø,2013,70.8
Norddjurs,2013,65.34
Nordfyns,2013,74.81
Nyborg,2013,55.8
Næstved,2013,53.48
Odder,2013,61.31
Odense,2013,32.43
Odsherred,2013,69.14
Randers,2013,48.32
Rebild,2013,76.96
Ringkøbing-Skjern,2013,71.07
Ringsted,2013,49.97
Roskilde,2013,41.61
Rudersdal,2013,43.25
Rødovre,2013,22.35
Samsø,2013,80.07
Silkeborg,2013,59.21
Skanderborg,2013,62.0
Skive,2013,64.97
Slagelse,2013,44.78
Solrød,2013,55.33
Sorø,2013,63.53
Stevns,2013,73.5
Struer,2013,64.46
Svendborg,2013,55.48
Syddjurs,2013,71.75
Sønderborg,2013,54.87
Thisted,2013,71.34
Tårnby,2013,37.55
Tønder,2013,70.38
Vallensbæk,2013,32.95
Varde,2013,70.97
Vejen,2013,71.11
Vejle,2013,55.53
Vesthimmerlands,2013,70.83
Viborg,2013,62.32
Vordingborg,2013,63.15
Ærø,2013,73.4
Aabenraa,2014,62.89
Aalborg,2014,37.21
Aarhus,2014,25.36
Albertslund,2014,12.88
Allerød,2014,54.91
Assens,2014,70.77
Ballerup,2014,28.4
Billund,2014,66.0
Bornholm,2014,61.75
Brøndby,2014,20.96
Brønderslev,2014,71.45
Copenhagen,2014,5.09
Dragør,2014,52.98
Egedal,2014,56.64
Esbjerg,2014,49.56
Faaborg-Midtfyn,2014,71.16
Fanø,2014,59.95
Favrskov,2014,71.27
Faxe,2014,65.95
Fredensborg,2014,35.38
Fredericia,2014,43.8
Frederiksberg,2014,1.84
Frederikshavn,2014,61.06
Frederikssund,2014,55.41
Furesø,2014,38.52
Gentofte,2014,30.95
Gladsaxe,2014,21.56
Glostrup,2014,24.4
Greve,2014,50.24
Gribskov,2014,72.83
Guldborgsund,2014,61.49
Haderslev,2014,57.11
Halsnæs,2014,62.8
Hedensted,2014,78.21
Helsingør,2014,34.53
Herlev,2014,23.87
Herning,2014,56.23
Hillerød,2014,45.63
Hjørring,2014,66.47
Holbæk,2014,55.84
Holstebro,2014,55.94
Horsens,2014,51.3
Hvidovre,2014,28.84
Høje-Taastrup,2014,27.87
Hørsholm,2014,35.85
Ikast-Brande,2014,66.59
Ishøj,2014,19.36
Jammerbugt,2014,77.94
Kalundborg,2014,63.72
Kerteminde,2014,63.67
Kolding,2014,51.8
Køge,2014,48.99
Langeland,2014,68.37
Lejre,2014,75.84
Lemvig,2014,72.59
Lolland,2014,65.1
Lyngby-Taarbæk,2014,23.47
Læsø,2014,82.94
Mariagerfjord,2014,67.3
Middelfart,2014,65.45
Morsø,2014,70.87
Norddjurs,2014,64.89
Nordfyns,2014,74.76
Nyborg,2014,55.56
Næstved,2014,53.46
Odder,2014,60.41
Odense,2014,32.24
Odsherred,2014,68.52
Randers,2014,48.16
Rebild,2014,76.97
Ringkøbing-Skjern,2014,70.93
Ringsted,2014,50.03
Roskilde,2014,41.46
Rudersdal,2014,43.3
Rødovre,2014,22.36
Samsø,2014,79.96
Silkeborg,2014,58.99
Skanderborg,2014,61.81
Skive,2014,64.76
Slagelse,2014,44.91
Solrød,2014,54.63
Sorø,2014,63.36
Stevns,2014,73.22
Struer,2014,64.52
Svendborg,2014,55.35
Syddjurs,2014,71.55
Sønderborg,2014,55.18
Thisted,2014,71.34
Tårnby,2014,37.56
Tønder,2014,70.6
Vallensbæk,2014,32.45
Varde,2014,70.71
Vejen,2014,70.72
Vejle,2014,55.0
Vesthimmerlands,2014,70.76
Viborg,2014,62.02
Vordingborg,2014,62.9
Ærø,2014,73.67
Aabenraa,2015,62.48
Aalborg,2015,36.96
Aarhus,2015,25.29
Albertslund,2015,12.84
Allerød,2015,54.76
Assens,2015,70.7
Ballerup,2015,28.41
Billund,2015,65.89
Bornholm,2015,61.68
Brøndby,2015,20.89
Brønderslev,2015,71.29
Copenhagen,2015,5.05
Dragør,2015,52.84
Egedal,2015,56.33
Esbjerg,2015,49.41
Faaborg-Midtfyn,2015,71.02
Fanø,2015,60.18
Favrskov,2015,71.0
Faxe,2015,65.91
Fredensborg,2015,35.21
Fredericia,2015,43.69
Frederiksberg,2015,1.85
Frederikshavn,2015,60.93
Frederikssund,2015,55.37
Furesø,2015,38.43
Gentofte,2015,30.83
Gladsaxe,2015,21.54
Glostrup,2015,24.39
Greve,2015,49.61
Gribskov,2015,72.4
Guldborgsund,2015,61.41
Haderslev,2015,56.78
Halsnæs,2015,62.86
Hedensted,2015,77.51
Helsingør,2015,34.6
Herlev,2015,23.74
Herning,2015,56.14
Hillerød,2015,45.39
Hjørring,2015,66.01
Holbæk,2015,55.72
Holstebro,2015,55.89
Horsens,2015,51.22
Hvidovre,2015,28.88
Høje-Taastrup,2015,27.77
Hørsholm,2015,35.65
Ikast-Brande,2015,66.48
Ishøj,2015,19.18
Jammerbugt,2015,77.83
Kalundborg,2015,63.71
Kerteminde,2015,63.68
Kolding,2015,51.59
Køge,2015,48.41
Langeland,2015,68.44
Lejre,2015,75.68
Lemvig,2015,72.87
Lolland,2015,65.24
Lyngby-Taarbæk,2015,23.58
Læsø,2015,83.52
Mariagerfjord,2015,66.88
Middelfart,2015,65.27
Morsø,2015,70.39
Norddjurs,2015,64.28
Nordfyns,2015,74.42
Nyborg,2015,54.77
Næstved,2015,53.18
Odder,2015,60.72
Odense,2015,32.18
Odsherred,2015,68.34
Randers,2015,47.89
Rebild,2015,76.93
Ringkøbing-Skjern,2015,70.8
Ringsted,2015,49.94
Roskilde,2015,41.36
Rudersdal,2015,43.06
Rødovre,2015,22.42
Samsø,2015,79.2
Silkeborg,2015,58.74
Skanderborg,2015,61.72
Skive,2015,64.66
Slagelse,2015,44.59
Solrød,2015,54.7
Sorø,2015,63.34
Stevns,2015,72.98
Struer,2015,64.01
Svendborg,2015,55.02
Syddjurs,2015,71.44
Sønderborg,2015,55.25
Thisted,2015,71.11
Tårnby,2015,37.24
Tønder,2015,70.74
Vallensbæk,2015,32.31
Varde,2015,70.47
Vejen,2015,70.5
Vejle,2015,54.76
Vesthimmerlands,2015,70.77
Viborg,2015,61.76
Vordingborg,2015,62.32
Ærø,2015,73.47
Aabenraa,2016,62.52
Aalborg,2016,36.7
Aarhus,2016,25.22
Albertslund,2016,12.75
Allerød,2016,54.36
Assens,2016,70.19
Ballerup,2016,28.45
Billund,2016,65.55
Bornholm,2016,61.63
Brøndby,2016,20.99
Brønderslev,2016,70.79
Copenhagen,2016,5.0
Dragør,2016,52.91
Egedal,2016,56.11
Esbjerg,2016,49.26
Faaborg-Midtfyn,2016,70.75
Fanø,2016,59.99
Favrskov,2016,70.83
Faxe,2016,65.32
Fredensborg,2016,35.08
Fredericia,2016,43.53
Frederiksberg,2016,1.84
Frederikshavn,2016,60.78
Frederikssund,2016,55.47
Furesø,2016,37.67
Gentofte,2016,30.76
Gladsaxe,2016,21.38
Glostrup,2016,24.51
Greve,2016,49.45
Gribskov,2016,72.16
Guldborgsund,2016,61.22
Haderslev,2016,56.5
Halsnæs,2016,62.4
Hedensted,2016,77.49
Helsingør,2016,34.56
Herlev,2016,23.77
Herning,2016,55.73
Hillerød,2016,45.24
Hjørring,2016,65.63
Holbæk,2016,55.23
Holstebro,2016,55.76
Horsens,2016,50.92
Hvidovre,2016,28.81
Høje-Taastrup,2016,27.69
Hørsholm,2016,35.34
Ikast-Brande,2016,66.34
Ishøj,2016,19.24
Jammerbugt,2016,77.62
Kalundborg,2016,63.58
Kerteminde,2016,63.43
Kolding,2016,51.33
Køge,2016,48.35
Langeland,2016,68.35
Lejre,2016,75.5
Lemvig,2016,72.82
Lolland,2016,65.06
Lyngby-Taarbæk,2016,23.55
Læsø,2016,82.88
Mariagerfjord,2016,66.77
Middelfart,2016,64.95
Morsø,2016,70.48
Norddjurs,2016,63.97
Nordfyns,2016,74.25
Nyborg,2016,54.46
Næstved,2016,52.98
Odder,2016,60.55
Odense,2016,31.99
Odsherred,2016,68.2
Randers,2016,47.75
Rebild,2016,76.64
Ringkøbing-Skjern,2016,70.46
Ringsted,2016,49.7
Roskilde,2016,41.25
Rudersdal,2016,43.07
Rødovre,2016,22.31
Samsø,2016,79.08
Silkeborg,2016,58.3
Skanderborg,2016,61.54
Skive,2016,64.69
Slagelse,2016,44.23
Solrød,2016,54.72
Sorø,2016,63.36
Stevns,2016,72.26
Struer,2016,63.82
Svendborg,2016,54.77
Syddjurs,2016,71.21
Sønderborg,2016,55.15
Thisted,2016,71.04
Tårnby,2016,37.47
Tønder,2016,70.51
Vallensbæk,2016,32.17
Varde,2016,70.34
Vejen,2016,70.21
Vejle,2016,54.41
Vesthimmerlands,2016,71.08
Viborg,2016,61.4
Vordingborg,2016,62.23
Ærø,2016,73.94
Aabenraa,2017,62.44
Aalborg,2017,36.61
Aarhus,2017,25.08
Albertslund,2017,12.86
Allerød,2017,54.15
Assens,2017,70.12
Ballerup,2017,28.6
Billund,2017,65.59
Bornholm,2017,61.31
Brøndby,2017,21.02
Brønderslev,2017,70.57
Copenhagen,2017,4.94
Dragør,2017,52.56
Egedal,2017,55.26
Esbjerg,2017,49.32
Faaborg-Midtfyn,2017,70.67
Fanø,2017,59.36
Favrskov,2017,70.5
Faxe,2017,64.84
Fredensborg,2017,34.95
Fredericia,2017,43.49
Frederiksberg,2017,1.83
Frederikshavn,2017,60.46
Frederikssund,2017,55.05
Furesø,2017,37.31
Gentofte,2017,30.91
Gladsaxe,2017,21.27
Glostrup,2017,24.72
Greve,2017,49.3
Gribskov,2017,72.06
Guldborgsund,2017,60.78
Haderslev,2017,56.64
Halsnæs,2017,62.5
Hedensted,2017,77.02
Helsingør,2017,34.53
Herlev,2017,23.84
Herning,2017,55.48
Hillerød,2017,45.15
Hjørring,2017,65.37
Holbæk,2017,54.84
Holstebro,2017,55.66
Horsens,2017,50.95
Hvidovre,2017,28.83
Høje-Taastrup,2017,27.66
Hørsholm,2017,35.41
Ikast-Brande,2017,66.08
Ishøj,2017,18.99
Jammerbugt,2017,77.75
Kalundborg,2017,63.55
Kerteminde,2017,63.21
Kolding,2017,50.95
Køge,2017,48.33
Langeland,2017,67.98
Lejre,2017,75.15
Lemvig,2017,72.86
Lolland,2017,64.81
Lyngby-Taarbæk,2017,23.5
Læsø,2017,82.46
Mariagerfjord,2017,66.59
Middelfart,2017,64.93
Morsø,2017,70.18
Norddjurs,2017,63.88
Nordfyns,2017,73.77
Nyborg,2017,54.48
Næstved,2017,52.84
Odder,2017,60.44
Odense,2017,31.82
Odsherred,2017,68.01
Randers,2017,47.62
Rebild,2017,76.37
Ringkøbing-Skjern,2017,70.23
Ringsted,2017,49.76
Roskilde,2017,41.2
Rudersdal,2017,42.67
Rødovre,2017,22.17
Samsø,2017,78.92
Silkeborg,2017,58.17
Skanderborg,2017,61.12
Skive,2017,64.56
Slagelse,2017,43.87
Solrød,2017,54.63
Sorø,2017,63.39
Stevns,2017,71.39
Struer,2017,63.86
Svendborg,2017,54.76
Syddjurs,2017,71.08
Sønderborg,2017,55.07
Thisted,2017,71.03
Tårnby,2017,37.41
Tønder,2017,70.49
Vallensbæk,2017,32.06
Varde,2017,70.15
Vejen,2017,70.09
Vejle,2017,54.16
Vesthimmerlands,2017,71.11
Viborg,2017,61.05
Vordingborg,2017,62.02
Ærø,2017,73.61
Aabenraa,2018,62.5
Aalborg,2018,36.53
Aarhus,2018,24.77
Albertslund,2018,12.95
Allerød,2018,53.45
Assens,2018,70.01
Ballerup,2018,28.6
Billund,2018,65.24
Bornholm,2018,61.4
Brøndby,2018,20.84
Brønderslev,2018,70.39
Copenhagen,2018,4.88
Dragør,2018,52.53
Egedal,2018,55.16
Esbjerg,2018,49.29
Faaborg-Midtfyn,2018,70.76
Fanø,2018,59.36
Favrskov,2018,70.37
Faxe,2018,64.59
Fredensborg,2018,35.0
Fredericia,2018,42.95
Frederiksberg,2018,1.85
Frederikshavn,2018,60.43
Frederikssund,2018,54.8
Furesø,2018,37.12
Gentofte,2018,30.75
Gladsaxe,2018,21.13
Glostrup,2018,24.8
Greve,2018,49.21
Gribskov,2018,71.54
Guldborgsund,2018,60.8
Haderslev,2018,56.59
Halsnæs,2018,62.53
Hedensted,2018,76.65
Helsingør,2018,34.44
Herlev,2018,23.68
Herning,2018,55.56
Hillerød,2018,44.62
Hjørring,2018,65.44
Holbæk,2018,54.73
Holstebro,2018,55.67
Horsens,2018,51.03
Hvidovre,2018,28.81
Høje-Taastrup,2018,27.6
Hørsholm,2018,35.55
Ikast-Brande,2018,65.98
Ishøj,2018,18.8
Jammerbugt,2018,77.51
Kalundborg,2018,63.62
Kerteminde,2018,63.29
Kolding,2018,50.84
Køge,2018,48.12
Langeland,2018,67.52
Lejre,2018,75.15
Lemvig,2018,72.63
Lolland,2018,64.69
Lyngby-Taarbæk,2018,23.35
Læsø,2018,82.79
Mariagerfjord,2018,66.08
Middelfart,2018,64.82
Morsø,2018,69.98
Norddjurs,2018,63.96
Nordfyns,2018,73.36
Nyborg,2018,54.44
Næstved,2018,52.77
Odder,2018,60.29
Odense,2018,31.68
Odsherred,2018,68.1
Randers,2018,47.74
Rebild,2018,75.89
Ringkøbing-Skjern,2018,70.12
Ringsted,2018,49.79
Roskilde,2018,41.28
Rudersdal,2018,42.63
Rødovre,2018,21.9
Samsø,2018,77.97
Silkeborg,2018,57.81
Skanderborg,2018,61.04
Skive,2018,64.35
Slagelse,2018,43.88
Solrød,2018,53.92
Sorø,2018,63.08
Stevns,2018,71.61
Struer,2018,64.01
Svendborg,2018,54.76
Syddjurs,2018,70.59
Sønderborg,2018,55.02
Thisted,2018,70.83
Tårnby,2018,36.79
Tønder,2018,70.53
Vallensbæk,2018,31.54
Varde,2018,70.38
Vejen,2018,70.13
Vejle,2018,54.0
Vesthimmerlands,2018,70.91
Viborg,2018,60.91
Vordingborg,2018,62.05
Ærø,2018,73.71
Aabenraa,2019,62.17
Aalborg,2019,36.02
Aarhus,2019,24.51
Albertslund,2019,12.95
Allerød,2019,53.09
Assens,2019,69.99
Ballerup,2019,28.41
Billund,2019,64.96
Bornholm,2019,61.33
Brøndby,2019,21.09
Brønderslev,2019,70.3
Copenhagen,2019,4.8
Dragør,2019,52.4
Egedal,2019,54.53
Esbjerg,2019,49.17
Faaborg-Midtfyn,2019,70.36
Fanø,2019,58.37
Favrskov,2019,70.15
Faxe,2019,64.02
Fredensborg,2019,34.89
Fredericia,2019,43.03
Frederiksberg,2019,1.83
Frederikshavn,2019,60.25
Frederikssund,2019,54.66
Furesø,2019,36.97
Gentofte,2019,30.74
Gladsaxe,2019,20.96
Glostrup,2019,24.83
Greve,2019,48.79
Gribskov,2019,71.21
Guldborgsund,2019,60.56
Haderslev,2019,56.61
Halsnæs,2019,62.48
Hedensted,2019,76.47
Helsingør,2019,34.29
Herlev,2019,23.57
Herning,2019,55.54
Hillerød,2019,43.95
Hjørring,2019,65.56
Holbæk,2019,54.53
Holstebro,2019,55.61
Horsens,2019,51.19
Hvidovre,2019,28.84
Høje-Taastrup,2019,27.54
Hørsholm,2019,35.48
Ikast-Brande,2019,65.8
Ishøj,2019,18.95
Jammerbugt,2019,77.21
Kalundborg,2019,63.45
Kerteminde,2019,63.15
Kolding,2019,50.8
Køge,2019,47.73
Langeland,2019,67.44
Lejre,2019,74.23
Lemvig,2019,72.69
Lolland,2019,64.48
Lyngby-Taarbæk,2019,23.2
Læsø,2019,82.3
Mariagerfjord,2019,65.7
Middelfart,2019,64.25
Morsø,2019,69.68
Norddjurs,2019,63.84
Nordfyns,2019,73.11
Nyborg,2019,54.09
Næstved,2019,52.69
Odder,2019,60.31
Odense,2019,31.47
Odsherred,2019,67.69
Randers,2019,47.64
Rebild,2019,75.72
Ringkøbing-Skjern,2019,69.83
Ringsted,2019,49.61
Roskilde,2019,41.06
Rudersdal,2019,42.25
Rødovre,2019,21.53
Samsø,2019,77.78
Silkeborg,2019,57.3
Skanderborg,2019,60.86
Skive,2019,64.21
Slagelse,2019,43.65
Solrød,2019,53.36
Sorø,2019,62.82
Stevns,2019,71.19
Struer,2019,63.75
Svendborg,2019,54.94
Syddjurs,2019,70.45
Sønderborg,2019,55.04
Thisted,2019,71.12
Tårnby,2019,36.94
Tønder,2019,70.39
Vallensbæk,2019,30.83
Varde,2019,70.24
Vejen,2019,70.15
Vejle,2019,53.69
Vesthimmerlands,2019,70.57
Viborg,2019,60.66
Vordingborg,2019,61.95
Ærø,2019,74.67
Aabenraa,2020,62.2
Aalborg,2020,35.36
Aarhus,2020,24.22
Albertslund,2020,12.87
Allerød,2020,52.64
Assens,2020,69.87
Ballerup,2020,28.42
Billund,2020,64.6
Bornholm,2020,61.14
Brøndby,2020,21.11
Brønderslev,2020,70.29
Copenhagen,2020,4.73
Dragør,2020,51.67
Egedal,2020,54.41
Esbjerg,2020,49.19
Faaborg-Midtfyn,2020,70.49
Fanø,2020,57.46
Favrskov,2020,70.2
Faxe,2020,63.83
Fredensborg,2020,34.92
Fredericia,2020,43.0
Frederiksberg,2020,1.81
Frederikshavn,2020,60.39
Frederikssund,2020,54.4
Furesø,2020,36.68
Gentofte,2020,30.68
Gladsaxe,2020,20.9
Glostrup,2020,24.31
Greve,2020,48.54
Gribskov,2020,70.71
Guldborgsund,2020,60.28
Haderslev,2020,56.56
Halsnæs,2020,62.32
Hedensted,2020,76.14
Helsingør,2020,34.18
Herlev,2020,23.26
Herning,2020,55.14
Hillerød,2020,43.51
Hjørring,2020,65.41
Holbæk,2020,54.3
Holstebro,2020,55.61
Horsens,2020,54.72
Hvidovre,2020,28.61
Høje-Taastrup,2020,27.38
Hørsholm,2020,35.41
Ikast-Brande,2020,65.47
Ishøj,2020,19.07
Jammerbugt,2020,77.16
Kalundborg,2020,63.42
Kerteminde,2020,62.6
Kolding,2020,50.68
Køge,2020,47.39
Langeland,2020,67.22
Lejre,2020,73.98
Lemvig,2020,72.48
Lolland,2020,64.44
Lyngby-Taarbæk,2020,22.89
Læsø,2020,82.53
Mariagerfjord,2020,65.55
Middelfart,2020,63.42
Morsø,2020,69.6
Norddjurs,2020,63.96
Nordfyns,2020,72.87
Nyborg,2020,53.8
Næstved,2020,52.31
Odder,2020,60.1
Odense,2020,31.18
Odsherred,2020,67.49
Randers,2020,47.51
Rebild,2020,75.59
Ringkøbing-Skjern,2020,69.78
Ringsted,2020,49.6
Roskilde,2020,40.79
Rudersdal,2020,42.02
Rødovre,2020,21.22
Samsø,2020,77.6
Silkeborg,2020,56.9
Skanderborg,2020,60.64
Skive,2020,64.28
Slagelse,2020,43.43
Solrød,2020,52.9
Sorø,2020,62.44
Stevns,2020,71.11
Struer,2020,63.84
Svendborg,2020,54.89
Syddjurs,2020,70.2
Sønderborg,2020,54.9
Thisted,2020,70.76
Tårnby,2020,36.99
Tønder,2020,70.31
Vallensbæk,2020,30.87
Varde,2020,70.26
Vejen,2020,69.83
Vejle,2020,53.47
Vesthimmerlands,2020,70.81
Viborg,2020,60.53
Vordingborg,2020,61.75
Ærø,2020,74.23
Aabenraa,2021,62.11
Aalborg,2021,34.67
Aarhus,2021,23.76
Albertslund,2021,12.99
Allerød,2021,51.93
Assens,2021,69.56
Ballerup,2021,27.95
Billund,2021,64.59
Bornholm,2021,60.93
Brøndby,2021,21.16
Brønderslev,2021,70.24
Copenhagen,2021,4.66
Dragør,2021,51.9
Egedal,2021,54.06
Esbjerg,2021,49.05
Faaborg-Midtfyn,2021,70.41
Fanø,2021,57.14
Favrskov,2021,70.19
Faxe,2021,63.7
Fredensborg,2021,34.92
Fredericia,2021,42.57
Frederiksberg,2021,1.83
Frederikshavn,2021,60.68
Frederikssund,2021,53.95
Furesø,2021,36.6
Gentofte,2021,30.85
Gladsaxe,2021,20.84
Glostrup,2021,24.01
Greve,2021,48.45
Gribskov,2021,70.55
Guldborgsund,2021,60.02
Haderslev,2021,56.6
Halsnæs,2021,62.15
Hedensted,2021,75.8
Helsingør,2021,34.08
Herlev,2021,23.19
Herning,2021,54.77
Hillerød,2021,43.23
Hjørring,2021,65.14
Holbæk,2021,53.73
Holstebro,2021,55.39
Horsens,2021,53.99
Hvidovre,2021,28.63
Høje-Taastrup,2021,26.64
Hørsholm,2021,35.3
Ikast-Brande,2021,65.25
Ishøj,2021,18.75
Jammerbugt,2021,76.7
Kalundborg,2021,63.21
Kerteminde,2021,62.46
Kolding,2021,50.49
Køge,2021,46.62
Langeland,2021,67.68
Lejre,2021,73.78
Lemvig,2021,72.63
Lolland,2021,64.46
Lyngby-Taarbæk,2021,22.7
Læsø,2021,82.14
Mariagerfjord,2021,65.61
Middelfart,2021,63.26
Morsø,2021,69.52
Norddjurs,2021,63.95
Nordfyns,2021,72.67
Nyborg,2021,53.75
Næstved,2021,52.22
Odder,2021,59.63
Odense,2021,30.73
Odsherred,2021,67.24
Randers,2021,47.43
Rebild,2021,75.35
Ringkøbing-Skjern,2021,69.85
Ringsted,2021,49.51
Roskilde,2021,40.29
Rudersdal,2021,41.83
Rødovre,2021,21.06
Samsø,2021,77.74
Silkeborg,2021,56.1
Skanderborg,2021,60.32
Skive,2021,64.29
Slagelse,2021,43.26
Solrød,2021,52.26
Sorø,2021,62.29
Stevns,2021,70.38
Struer,2021,63.49
Svendborg,2021,54.73
Syddjurs,2021,69.93
Sønderborg,2021,54.92
Thisted,2021,70.67
Tårnby,2021,37.08
Tønder,2021,70.5
Vallensbæk,2021,30.88
Varde,2021,70.49
Vejen,2021,69.63
Vejle,2021,52.87
Vesthimmerlands,2021,70.64
Viborg,2021,60.38
Vordingborg,2021,61.62
Ærø,2021,74.69
Aabenraa,2022,61.88
Aalborg,2022,34.27
Aarhus,2022,23.41
Albertslund,2022,12.89
Allerød,2022,52.08
Assens,2022,69.43
Ballerup,2022,27.65
Billund,2022,64.21
Bornholm,2022,60.66
Brøndby,2022,20.87
Brønderslev,2022,69.63
Copenhagen,2022,4.57
Dragør,2022,52.07
Egedal,2022,53.14
Esbjerg,2022,49.21
Faaborg-Midtfyn,2022,70.28
Fanø,2022,57.75
Favrskov,2022,70.3
Faxe,2022,63.23
Fredensborg,2022,35.01
Fredericia,2022,42.21
Frederiksberg,2022,1.82
Frederikshavn,2022,60.89
Frederikssund,2022,53.42
Furesø,2022,35.99
Gentofte,2022,30.74
Gladsaxe,2022,20.85
Glostrup,2022,24.02
Greve,2022,48.25
Gribskov,2022,69.4
Guldborgsund,2022,59.99
Haderslev,2022,56.53
Halsnæs,2022,61.51
Hedensted,2022,75.31
Helsingør,2022,34.27
Herlev,2022,23.11
Herning,2022,54.76
Hillerød,2022,41.49
Hjørring,2022,65.05
Holbæk,2022,53.1
Holstebro,2022,55.36
Horsens,2022,50.39
Hvidovre,2022,28.63
Høje-Taastrup,2022,26.05
Hørsholm,2022,35.41
Ikast-Brande,2022,64.59
Ishøj,2022,18.72
Jammerbugt,2022,76.21
Kalundborg,2022,62.91
Kerteminde,2022,62.44
Kolding,2022,50.35
Køge,2022,46.38
Langeland,2022,67.33
Lejre,2022,72.76
Lemvig,2022,72.6
Lolland,2022,64.13
Lyngby-Taarbæk,2022,21.78
Læsø,2022,82.46
Mariagerfjord,2022,65.3
Middelfart,2022,62.73
Morsø,2022,69.19
Norddjurs,2022,63.67
Nordfyns,2022,72.2
Nyborg,2022,53.49
Næstved,2022,51.81
Odder,2022,59.78
Odense,2022,30.54
Odsherred,2022,66.85
Randers,2022,47.12
Rebild,2022,74.77
Ringkøbing-Skjern,2022,69.7
Ringsted,2022,48.95
Roskilde,2022,40.0
Rudersdal,2022,41.9
Rødovre,2022,20.88
Samsø,2022,77.97
Silkeborg,2022,55.34
Skanderborg,2022,59.87
Skive,2022,64.25
Slagelse,2022,42.99
Solrød,2022,52.09
Sorø,2022,62.3
Stevns,2022,69.78
Struer,2022,63.65
Svendborg,2022,54.27
Syddjurs,2022,69.31
Sønderborg,2022,54.84
Thisted,2022,70.66
Tårnby,2022,36.85
Tønder,2022,70.7
Vallensbæk,2022,30.76
Varde,2022,69.98
Vejen,2022,69.6
Vejle,2022,52.2
Vesthimmerlands,2022,70.61
Viborg,2022,60.02
Vordingborg,2022,61.62
Ærø,2022,74.71
Aabenraa,2023,61.6
Aalborg,2023,34.1
Aarhus,2023,22.98
Albertslund,2023,13.01
Allerød,2023,51.88
Assens,2023,69.16
Ballerup,2023,26.92
Billund,2023,63.21
Bornholm,2023,60.64
Brøndby,2023,20.03
Brønderslev,2023,69.29
Copenhagen,2023,4.52
Dragør,2023,51.95
Egedal,2023,52.26
Esbjerg,2023,48.94
Faaborg-Midtfyn,2023,70.01
Fanø,2023,57.86
Favrskov,2023,70.16
Faxe,2023,62.62
Fredensborg,2023,34.7
Fredericia,2023,42.21
Frederiksberg,2023,1.8
Frederikshavn,2023,60.64
Frederikssund,2023,53.06
Furesø,2023,35.42
Gentofte,2023,30.38
Gladsaxe,2023,20.7
Glostrup,2023,23.95
Greve,2023,47.61
Gribskov,2023,68.4
Guldborgsund,2023,60.03
Haderslev,2023,56.57
Halsnæs,2023,61.45
Hedensted,2023,75.12
Helsingør,2023,34.07
Herlev,2023,23.1
Herning,2023,54.58
Hillerød,2023,41.1
Hjørring,2023,64.61
Holbæk,2023,52.82
Holstebro,2023,55.13
Horsens,2023,49.8
Hvidovre,2023,28.54
Høje-Taastrup,2023,25.18
Hørsholm,2023,35.4
Ikast-Brande,2023,64.37
Ishøj,2023,18.65
Jammerbugt,2023,75.58
Kalundborg,2023,62.49
Kerteminde,2023,62.73
Kolding,2023,49.72
Køge,2023,45.97
Langeland,2023,66.85
Lejre,2023,72.93
Lemvig,2023,72.22
Lolland,2023,63.91
Lyngby-Taarbæk,2023,21.8
Læsø,2023,82.4
Mariagerfjord,2023,64.91
Middelfart,2023,62.46
Morsø,2023,69.34
Norddjurs,2023,63.79
Nordfyns,2023,72.17
Nyborg,2023,53.02
Næstved,2023,51.36
Odder,2023,59.69
Odense,2023,30.26
Odsherred,2023,65.86
Randers,2023,46.63
Rebild,2023,74.48
Ringkøbing-Skjern,2023,69.34
Ringsted,2023,48.27
Roskilde,2023,39.69
Rudersdal,2023,41.89
Rødovre,2023,20.22
Samsø,2023,77.26
Silkeborg,2023,54.77
Skanderborg,2023,59.45
Skive,2023,63.92
Slagelse,2023,42.9
Solrød,2023,50.76
Sorø,2023,61.88
Stevns,2023,69.41
Struer,2023,63.32
Svendborg,2023,54.1
Syddjurs,2023,68.76
Sønderborg,2023,54.38
Thisted,2023,70.32
Tårnby,2023,36.61
Tønder,2023,70.37
Vallensbæk,2023,30.3
Varde,2023,69.69
Vejen,2023,69.14
Vejle,2023,51.75
Vesthimmerlands,2023,70.34
Viborg,2023,59.55
Vordingborg,2023,61.3
Ærø,2023,74.83
Aabenraa,2024,61.59
Aalborg,2024,33.92
Aarhus,2024,22.6
Albertslund,2024,13.01
Allerød,2024,51.97
Assens,2024,69.02
Ballerup,2024,26.26
Billund,2024,63.02
Bornholm,2024,60.47
Brøndby,2024,19.14
Brønderslev,2024,69.35
Copenhagen,2024,4.5
Dragør,2024,51.73
Egedal,2024,51.36
Esbjerg,2024,48.93
Faaborg-Midtfyn,2024,69.76
Fanø,2024,56.71
Favrskov,2024,70.16
Faxe,2024,61.79
Fredensborg,2024,34.53
Fredericia,2024,41.6
Frederiksberg,2024,1.8
Frederikshavn,2024,60.99
Frederikssund,2024,52.43
Furesø,2024,35.21
Gentofte,2024,30.35
Gladsaxe,2024,20.6
Glostrup,2024,24.19
Greve,2024,47.04
Gribskov,2024,67.24
Guldborgsund,2024,60.0
Haderslev,2024,56.32
Halsnæs,2024,61.26
Hedensted,2024,74.3
Helsingør,2024,33.75
Herlev,2024,22.57
Herning,2024,54.61
Hillerød,2024,41.02
Hjørring,2024,64.54
Holbæk,2024,52.09
Holstebro,2024,54.99
Horsens,2024,49.43
Hvidovre,2024,28.48
Høje-Taastrup,2024,24.28
Hørsholm,2024,35.52
Ikast-Brande,2024,64.19
Ishøj,2024,18.47
Jammerbugt,2024,75.03
Kalundborg,2024,61.97
Kerteminde,2024,62.29
Kolding,2024,49.37
Køge,2024,45.73
Langeland,2024,67.17
Lejre,2024,72.08
Lemvig,2024,72.2
Lolland,2024,63.86
Lyngby-Taarbæk,2024,21.86
Læsø,2024,82.2
Mariagerfjord,2024,64.79
Middelfart,2024,61.91
Morsø,2024,68.82
Norddjurs,2024,63.62
Nordfyns,2024,72.03
Nyborg,2024,52.52
Næstved,2024,51.22
Odder,2024,58.86
Odense,2024,29.98
Odsherred,2024,65.57
Randers,2024,46.52
Rebild,2024,74.25
Ringkøbing-Skjern,2024,69.24
Ringsted,2024,47.72
Roskilde,2024,39.37
Rudersdal,2024,42.02
Rødovre,2024,19.62
Samsø,2024,76.64
Silkeborg,2024,54.06
Skanderborg,2024,59.3
Skive,2024,64.06
Slagelse,2024,42.62
Solrød,2024,49.7
Sorø,2024,61.14
Stevns,2024,69.5
Struer,2024,63.66
Svendborg,2024,53.99
Syddjurs,2024,68.65
Sønderborg,2024,54.22
Thisted,2024,70.18
Tårnby,2024,36.1
Tønder,2024,70.34
Vallensbæk,2024,28.73
Varde,2024,69.85
Vejen,2024,68.98
Vejle,2024,51.44
Vesthimmerlands,2024,70.3
Viborg,2024,59.4
Vordingborg,2024,60.89
Ærø,2024,75.29
Aabenraa,2025,61.16
Aalborg,2025,33.53
Aarhus,2025,22.13
Albertslund,2025,12.69
Allerød,2025,51.51
Assens,2025,68.85
Ballerup,2025,25.36
Billund,2025,62.78
Bornholm,2025,60.44
Brøndby,2025,18.64
Brønderslev,2025,68.66
Copenhagen,2025,4.45
Dragør,2025,51.89
Egedal,2025,51.18
Esbjerg,2025,48.57
Faaborg-Midtfyn,2025,69.29
Fanø,2025,56.96
Favrskov,2025,69.99
Faxe,2025,61.43
Fredensborg,2025,34.27
Fredericia,2025,41.24
Frederiksberg,2025,1.79
Frederikshavn,2025,60.99
Frederikssund,2025,51.28
Furesø,2025,35.03
Gentofte,2025,30.3
Gladsaxe,2025,20.5
Glostrup,2025,23.1
Greve,2025,45.87
Gribskov,2025,66.16
Guldborgsund,2025,59.59
Haderslev,2025,55.84
Halsnæs,2025,60.56
Hedensted,2025,73.25
Helsingør,2025,33.46
Herlev,2025,21.82
Herning,2025,54.41
Hillerød,2025,40.52
Hjørring,2025,64.51
Holbæk,2025,51.43
Holstebro,2025,54.65
Horsens,2025,48.87
Hvidovre,2025,28.4
Høje-Taastrup,2025,23.74
Hørsholm,2025,35.04
Ikast-Brande,2025,63.62
Ishøj,2025,18.0
Jammerbugt,2025,74.76
Kalundborg,2025,61.53
Kerteminde,2025,61.99
Kolding,2025,48.9
Køge,2025,45.32
Langeland,2025,66.94
Lejre,2025,70.93
Lemvig,2025,72.16
Lolland,2025,64.38
Lyngby-Taarbæk,2025,21.78
Læsø,2025,82.06
Mariagerfjord,2025,64.52
Middelfart,2025,61.47
Morsø,2025,68.91
Norddjurs,2025,63.18
Nordfyns,2025,71.99
Nyborg,2025,51.79
Næstved,2025,50.96
Odder,2025,57.82
Odense,2025,29.57
Odsherred,2025,65.34
Randers,2025,46.29
Rebild,2025,73.89
Ringkøbing-Skjern,2025,69.17
Ringsted,2025,47.62
Roskilde,2025,38.91
Rudersdal,2025,42.06
Rødovre,2025,19.47
Samsø,2025,76.49
Silkeborg,2025,53.58
Skanderborg,2025,58.84
Skive,2025,63.76
Slagelse,2025,42.0
Solrød,2025,48.47
Sorø,2025,60.45
Stevns,2025,69.03
Struer,2025,63.76
Svendborg,2025,53.61
Syddjurs,2025,68.28
Sønderborg,2025,54.17
Thisted,2025,70.02
Tårnby,2025,35.9
Tønder,2025,70.31
Vallensbæk,2025,27.93
Varde,2025,69.53
Vejen,2025,68.93
Vejle,2025,50.95
Vesthimmerlands,2025,70.09
Viborg,2025,58.81
Vordingborg,2025,60.73
Ærø,2025,75.36
